# ************************************************************
# Sequel Pro SQL dump
# Version 5427
#
# https://www.sequelpro.com/
# https://github.com/sequelpro/sequelpro
#
# Host: 127.0.0.1 (MySQL 5.7.23-log)
# Database: corephpadmin
# Generation Time: 2019-03-11 02:45:42 +0000
# ************************************************************


/*!40101 SET @OLD_CHARACTER_SET_CLIENT=@@CHARACTER_SET_CLIENT */;
/*!40101 SET @OLD_CHARACTER_SET_RESULTS=@@CHARACTER_SET_RESULTS */;
/*!40101 SET @OLD_COLLATION_CONNECTION=@@COLLATION_CONNECTION */;
/*!40101 SET NAMES utf8 */;
SET NAMES utf8mb4;
/*!40014 SET @OLD_FOREIGN_KEY_CHECKS=@@FOREIGN_KEY_CHECKS, FOREIGN_KEY_CHECKS=0 */;
/*!40101 SET @OLD_SQL_MODE=@@SQL_MODE, SQL_MODE='NO_AUTO_VALUE_ON_ZERO' */;
/*!40111 SET @OLD_SQL_NOTES=@@SQL_NOTES, SQL_NOTES=0 */;


# Dump of table api
# ------------------------------------------------------------

DROP TABLE IF EXISTS `api`;

CREATE TABLE `api` (
  `id` int(11) unsigned NOT NULL AUTO_INCREMENT,
  `user_id` varchar(5) DEFAULT NULL,
  `value` varchar(20) DEFAULT NULL,
  PRIMARY KEY (`id`),
  UNIQUE KEY `uidx` (`user_id`,`value`)
) ENGINE=InnoDB DEFAULT CHARSET=utf8;

LOCK TABLES `api` WRITE;
/*!40000 ALTER TABLE `api` DISABLE KEYS */;

INSERT INTO `api` (`id`, `user_id`, `value`)
VALUES
	(352,'25','address_api'),
	(215,'25','business_name_api'),
	(356,'25','city_api'),
	(372,'25','email_api'),
	(386,'25','facebook_api'),
	(379,'25','instagram_api'),
	(361,'25','phone_api'),
	(403,'25','type_api'),
	(213,'25','vendor_name_api'),
	(394,'25','website_api'),
	(247,'26','address_api'),
	(237,'26','business_name_api'),
	(274,'26','city_api'),
	(235,'26','vendor_name_api'),
	(87,'29','address_api'),
	(81,'29','business_name_api'),
	(106,'29','city_api'),
	(102,'29','email_api'),
	(128,'29','facebook_api'),
	(185,'29','instagram_api'),
	(173,'29','phone_api'),
	(432,'29','product_api'),
	(202,'29','type_api'),
	(79,'29','vendor_name_api'),
	(120,'29','website_api'),
	(195,'29','wic_api'),
	(138,'30','address_api'),
	(142,'30','city_api'),
	(153,'30','email_api'),
	(147,'30','phone_api'),
	(413,'32','business_name_api'),
	(416,'32','product_api'),
	(420,'32','product_location_api'),
	(405,'32','vendor_name_api');

/*!40000 ALTER TABLE `api` ENABLE KEYS */;
UNLOCK TABLES;


# Dump of table checked_out_market
# ------------------------------------------------------------

DROP TABLE IF EXISTS `checked_out_market`;

CREATE TABLE `checked_out_market` (
  `id` int(10) NOT NULL AUTO_INCREMENT,
  `checkout_date` varchar(100) DEFAULT NULL,
  `vendors_out` varchar(10) DEFAULT NULL,
  `gross` varchar(10) DEFAULT NULL,
  `market_fees` varchar(10) DEFAULT NULL,
  `cert_total` varchar(10) DEFAULT NULL,
  `total_ag` varchar(10) DEFAULT NULL,
  `total_ag_fee` varchar(10) DEFAULT NULL,
  `total_non_ag` varchar(10) DEFAULT NULL,
  `total_non_ag_fee` varchar(10) DEFAULT NULL,
  `ebt_tokens_in` varchar(30) DEFAULT '',
  `ebt_match_in` varchar(15) DEFAULT '',
  `atm_in` varchar(50) DEFAULT '',
  `ebt_total_in` varchar(25) DEFAULT NULL,
  `atm_out` varchar(25) DEFAULT NULL,
  `ebt_out` varchar(25) DEFAULT NULL,
  `ebt_match_out` varchar(750) DEFAULT NULL,
  `expenses` varchar(25) DEFAULT NULL,
  `open_door` varchar(25) DEFAULT NULL,
  `market_notes` varchar(600) DEFAULT NULL,
  `market_id` varchar(20) DEFAULT NULL,
  `authenticated_user` varchar(4) DEFAULT NULL,
  PRIMARY KEY (`id`)
) ENGINE=InnoDB DEFAULT CHARSET=latin1;

LOCK TABLES `checked_out_market` WRITE;
/*!40000 ALTER TABLE `checked_out_market` DISABLE KEYS */;

INSERT INTO `checked_out_market` (`id`, `checkout_date`, `vendors_out`, `gross`, `market_fees`, `cert_total`, `total_ag`, `total_ag_fee`, `total_non_ag`, `total_non_ag_fee`, `ebt_tokens_in`, `ebt_match_in`, `atm_in`, `ebt_total_in`, `atm_out`, `ebt_out`, `ebt_match_out`, `expenses`, `open_door`, `market_notes`, `market_id`, `authenticated_user`)
VALUES
	(1,NULL,'4','$78',NULL,NULL,NULL,NULL,NULL,NULL,'$4','$5','$6','1','2','3','4','5',NULL,'testing the market notes',NULL,NULL),
	(2,NULL,'4','$78',NULL,NULL,NULL,NULL,NULL,NULL,'$4','$5','$6','','','','','',NULL,'',NULL,'26'),
	(3,'2018-10-25','4','$78',NULL,NULL,NULL,NULL,NULL,NULL,'$4','$5','$6','','','','','',NULL,'','5b920b9041','26'),
	(4,'2018-10-25','2','$90',NULL,NULL,'1','$20','1','$100',NULL,NULL,NULL,NULL,NULL,NULL,NULL,NULL,NULL,NULL,'5ba92160e8','29'),
	(5,'2018-11-09','0','$',NULL,NULL,'','$','','$',NULL,NULL,NULL,NULL,NULL,NULL,NULL,NULL,NULL,NULL,'5ba92160e8','29'),
	(7,'2018-12-10','4','$534',NULL,NULL,'3','$600','0','$',NULL,NULL,NULL,NULL,NULL,NULL,NULL,NULL,NULL,NULL,'5ba92160e8','29'),
	(8,'2018-12-10','4','$534',NULL,NULL,'3','$600','0','$',NULL,NULL,NULL,NULL,NULL,NULL,NULL,NULL,NULL,NULL,'5ba92160e8','29'),
	(9,'2018-12-10','4','$534',NULL,NULL,'3','$600','0','$',NULL,NULL,NULL,NULL,NULL,NULL,NULL,NULL,NULL,NULL,'5ba92160e8','29');

/*!40000 ALTER TABLE `checked_out_market` ENABLE KEYS */;
UNLOCK TABLES;


# Dump of table checkout
# ------------------------------------------------------------

DROP TABLE IF EXISTS `checkout`;

CREATE TABLE `checkout` (
  `id` int(10) NOT NULL AUTO_INCREMENT,
  `authenticated_user` varchar(4) DEFAULT NULL,
  `checkout_market_name` varchar(255) DEFAULT NULL,
  `business_name` varchar(50) DEFAULT '',
  `checkout_date` varchar(100) DEFAULT NULL,
  `sellers_fee` varchar(15) DEFAULT '',
  `ebt_tokens` varchar(30) DEFAULT '',
  `ebt_match` varchar(15) DEFAULT '',
  `atm_tokens` varchar(50) DEFAULT '',
  `mm_tokens` varchar(25) DEFAULT NULL,
  `mm_vouchers` varchar(25) DEFAULT NULL,
  `piersons_amount` varchar(25) DEFAULT NULL,
  `comment` varchar(750) DEFAULT NULL,
  `fmnp_fvc` varchar(25) DEFAULT NULL,
  `open_door` varchar(25) DEFAULT NULL,
  `vendor_type` varchar(25) DEFAULT NULL,
  `market_id` varchar(20) DEFAULT NULL,
  `flat_fee` varchar(25) DEFAULT NULL,
  `percentage_fee` varchar(11) DEFAULT NULL,
  `custom_fee` varchar(10) DEFAULT NULL,
  `created_at` int(11) DEFAULT NULL,
  `total_owed` varchar(11) DEFAULT NULL,
  `total_sales` varchar(255) DEFAULT NULL,
  `week` varchar(255) DEFAULT NULL,
  `public_id` varchar(255) DEFAULT NULL,
  `wic_input_checkout` varchar(50) DEFAULT NULL,
  `fmnp` varchar(50) DEFAULT NULL,
  `fvc` varchar(50) DEFAULT NULL,
  `market_bucks` varchar(4) DEFAULT NULL,
  PRIMARY KEY (`id`)
) ENGINE=InnoDB DEFAULT CHARSET=latin1;

LOCK TABLES `checkout` WRITE;
/*!40000 ALTER TABLE `checkout` DISABLE KEYS */;

INSERT INTO `checkout` (`id`, `authenticated_user`, `checkout_market_name`, `business_name`, `checkout_date`, `sellers_fee`, `ebt_tokens`, `ebt_match`, `atm_tokens`, `mm_tokens`, `mm_vouchers`, `piersons_amount`, `comment`, `fmnp_fvc`, `open_door`, `vendor_type`, `market_id`, `flat_fee`, `percentage_fee`, `custom_fee`, `created_at`, `total_owed`, `total_sales`, `week`, `public_id`, `wic_input_checkout`, `fmnp`, `fvc`, `market_bucks`)
VALUES
	(666,'26','Cambria','Annies Juices','2018-10-25',NULL,'1','2','3','4',NULL,NULL,NULL,NULL,NULL,'noncertified','5b920b9041',NULL,NULL,NULL,NULL,'16','100',NULL,NULL,NULL,NULL,NULL,NULL),
	(671,'29','Arcata Plaza','Amy Pollock','2018-10-25',NULL,'1',NULL,NULL,'2','3','4','  ','5','6','certified','5ba92160e8',NULL,NULL,'100',NULL,'85',NULL,NULL,NULL,NULL,NULL,NULL,NULL),
	(672,'29','Arcata Plaza','Aurora Acres','2018-10-25',NULL,'1',NULL,NULL,'2','3','5','  ',NULL,'4','certified','5ba92160e8',NULL,NULL,'20',NULL,'5',NULL,NULL,NULL,NULL,NULL,NULL,NULL),
	(673,'26','Cambria','Annies Juices','2018-10-25',NULL,'1','2','3','',NULL,NULL,NULL,NULL,NULL,'ancillary','5b920b9041',NULL,NULL,NULL,NULL,'','400',NULL,NULL,NULL,NULL,NULL,NULL),
	(674,'26','Cambria','Cams Jams','2018-10-25',NULL,'1','1','1','1',NULL,NULL,NULL,NULL,NULL,NULL,'5b920b9041',NULL,NULL,NULL,NULL,'46','1000',NULL,NULL,NULL,NULL,NULL,NULL),
	(675,'26','Cambria','Jords','2018-10-25',NULL,'1','12345','1','1',NULL,NULL,NULL,NULL,NULL,NULL,'5b920b9041',NULL,NULL,NULL,NULL,'16','1',NULL,NULL,NULL,NULL,NULL,NULL),
	(705,'29','Arcata Plaza','BIGFOOT Collections','2018-10-26',NULL,'1',NULL,NULL,'1','1','3','','1','1','certified','5ba92160e8',NULL,NULL,'100',NULL,'',NULL,NULL,NULL,NULL,NULL,NULL,NULL),
	(706,'29','Arcata Plaza','Brunner Family Farm','2018-10-26',NULL,'1',NULL,NULL,'1','1','1','','1','1','certified','5ba92160e8',NULL,NULL,'100',NULL,'',NULL,NULL,NULL,NULL,NULL,NULL,NULL),
	(707,'26','Cambria','Annies Juices','2018-10-25',NULL,'1','2','3','4',NULL,NULL,NULL,NULL,NULL,'ancillary','5b920b9041',NULL,NULL,NULL,NULL,'16','100',NULL,NULL,NULL,NULL,NULL,NULL),
	(772,'29','Arcata Plaza','Amy Pollock','2018-12-03',NULL,'10',NULL,NULL,'1','1','1','Testing the Comment  ','1','1','certified','5ba92160e8',NULL,NULL,'100',NULL,'79',NULL,NULL,NULL,NULL,NULL,NULL,NULL),
	(778,'29','Arcata Plaza','Earth N Hands Farm','2018-12-01',NULL,'41',NULL,NULL,'','2','','  ','4','10','certified','5ba92160e8',NULL,NULL,'35',NULL,'-22',NULL,NULL,NULL,NULL,NULL,NULL,NULL),
	(781,'29','Arcata Plaza','Earthly Edibles','2018-12-01',NULL,'29',NULL,NULL,'26','','','','5','12','certified','5ba92160e8',NULL,NULL,'35',NULL,'-37',NULL,NULL,NULL,NULL,NULL,NULL,NULL),
	(782,'29','Arcata Plaza','Fields Forever Farm','2018-12-01',NULL,'69',NULL,NULL,'35','','4','  Woo','','12','certified','5ba92160e8',NULL,NULL,'35',NULL,'-85',NULL,NULL,NULL,NULL,NULL,NULL,NULL),
	(783,'29','Arcata Plaza','Flora Organica','2018-12-01',NULL,'28',NULL,NULL,'50','34','8','','','','certified','5ba92160e8',NULL,NULL,'35',NULL,'-85',NULL,NULL,NULL,NULL,NULL,NULL,NULL),
	(784,'29','Arcata Plaza','Food is Love, Love is Foo','2018-12-01',NULL,'',NULL,NULL,'','','','  ','','','certified','5ba92160e8',NULL,NULL,'35',NULL,'35',NULL,NULL,NULL,NULL,NULL,NULL,NULL),
	(785,'29','Arcata Plaza','Henry\'s Olives','2018-12-01',NULL,'50',NULL,NULL,'','','','','','','certified','5ba92160e8',NULL,NULL,'35',NULL,'-15',NULL,NULL,NULL,NULL,NULL,NULL,NULL),
	(786,'29','Arcata Plaza','Flying Blue Dog Farm & Nu','2018-12-01',NULL,'77',NULL,NULL,'15','','','','','','certified','5ba92160e8',NULL,NULL,'35',NULL,'-57',NULL,NULL,NULL,NULL,NULL,NULL,NULL),
	(787,'29','Arcata Plaza','Goosefoot Farm','2018-12-01',NULL,'26',NULL,NULL,'40','32','','','5','14','certified','5ba92160e8',NULL,NULL,'35',NULL,'-82',NULL,NULL,NULL,NULL,NULL,NULL,NULL),
	(788,'29','Arcata Plaza','Jameson Creek Nursery','2018-12-01',NULL,'',NULL,NULL,'','','','','','','certified','5ba92160e8',NULL,NULL,'35',NULL,'35',NULL,NULL,NULL,NULL,NULL,NULL,NULL),
	(789,'29','Arcata Plaza','Little River Farm','2018-12-01',NULL,'43',NULL,NULL,'40','8','','','','','certified','5ba92160e8',NULL,NULL,'35',NULL,'-56',NULL,NULL,NULL,NULL,NULL,NULL,NULL),
	(790,'29','Arcata Plaza','Fritanga Nica','2018-12-01',NULL,'',NULL,NULL,'','','','','','','certified','5ba92160e8',NULL,NULL,'35',NULL,'35',NULL,NULL,NULL,NULL,NULL,NULL,NULL),
	(791,'29','Arcata Plaza','Humboldt Hot Dogs','2018-12-01',NULL,'',NULL,NULL,'','','','','','','certified','5ba92160e8',NULL,NULL,'35',NULL,'35',NULL,NULL,NULL,NULL,NULL,NULL,NULL),
	(792,'29','Arcata Plaza','Jerk Kitchen','2018-12-01',NULL,'',NULL,NULL,'','','','','','','certified','5ba92160e8',NULL,NULL,'35',NULL,'35',NULL,NULL,NULL,NULL,NULL,NULL,NULL),
	(793,'29','Arcata Plaza','Kodiak Catch','2018-12-01',NULL,'53',NULL,NULL,'','','','','','','certified','5ba92160e8',NULL,NULL,'35',NULL,'-18',NULL,NULL,NULL,NULL,NULL,NULL,NULL),
	(794,'29','Arcata Plaza','Sistah\'s Vegan','2018-12-01',NULL,'9',NULL,NULL,'','','','','','','certified','5ba92160e8',NULL,NULL,'35',NULL,'26',NULL,NULL,NULL,NULL,NULL,NULL,NULL),
	(795,'29','Arcata Plaza','Vitaelixer','2018-12-01',NULL,'',NULL,NULL,'','','','','','','certified','5ba92160e8',NULL,NULL,'35',NULL,'35',NULL,NULL,NULL,NULL,NULL,NULL,NULL),
	(796,'29','Arcata Plaza','Luna Farm','2018-12-01',NULL,'48',NULL,NULL,'23','14','10','','10','','certified','5ba92160e8',NULL,NULL,'35',NULL,'-70',NULL,NULL,NULL,NULL,NULL,NULL,NULL),
	(797,'29','Arcata Plaza','McIntosh Farm','2018-12-01',NULL,'12',NULL,NULL,'22','16','2','','16','4','certified','5ba92160e8',NULL,NULL,'35',NULL,'-37',NULL,NULL,NULL,NULL,NULL,NULL,NULL),
	(798,'29','Arcata Plaza','Mycality Mushroom','2018-12-01',NULL,'18',NULL,NULL,'75','','7','','','','certified','5ba92160e8',NULL,NULL,'35',NULL,'-65',NULL,NULL,NULL,NULL,NULL,NULL,NULL),
	(799,'29','Arcata Plaza','Rain Frog Farm','2018-12-01',NULL,'16',NULL,NULL,'27','','','','','6','certified','5ba92160e8',NULL,NULL,'35',NULL,'-14',NULL,NULL,NULL,NULL,NULL,NULL,NULL),
	(800,'29','Arcata Plaza','Rock N Rose','2018-12-01',NULL,'7',NULL,NULL,'2','','','','','','certified','5ba92160e8',NULL,NULL,'35',NULL,'26',NULL,NULL,NULL,NULL,NULL,NULL,NULL),
	(801,'29','Arcata Plaza','Sarvinski Family Farm','2018-12-01',NULL,'82',NULL,NULL,'21','','5','','','16','certified','5ba92160e8',NULL,NULL,'35',NULL,'-89',NULL,NULL,NULL,NULL,NULL,NULL,NULL),
	(802,'29','Arcata Plaza','Shakefork Community Farm','2018-12-01',NULL,'60',NULL,NULL,'58','8','12','','','20','certified','5ba92160e8',NULL,NULL,'35',NULL,'-123',NULL,NULL,NULL,NULL,NULL,NULL,NULL),
	(803,'29','Arcata Plaza','Spring Hill Farmstead Goa','2018-12-01',NULL,'10',NULL,NULL,'','','10','','','','certified','5ba92160e8',NULL,NULL,'35',NULL,'15',NULL,NULL,NULL,NULL,NULL,NULL,NULL),
	(804,'29','Arcata Plaza','Willow Creek Farms','2018-12-01',NULL,'40',NULL,NULL,'53','2','5','','','18','certified','5ba92160e8',NULL,NULL,'35',NULL,'-83',NULL,NULL,NULL,NULL,NULL,NULL,NULL),
	(824,'29','Arcata Plaza','Earth N Hands Farm','2018-12-08',NULL,'80',NULL,NULL,'40','','','  ','','','certified','5ba92160e8',NULL,NULL,'35',NULL,'-85',NULL,NULL,NULL,NULL,NULL,NULL,NULL),
	(825,'29','Arcata Plaza','Earthly Edibles','2018-12-08',NULL,'54',NULL,NULL,'78','6','','','','14','certified','5ba92160e8',NULL,NULL,'35',NULL,'-117',NULL,NULL,NULL,NULL,NULL,NULL,NULL),
	(826,'29','Arcata Plaza','Ewe So Dirty Farm','2018-12-08',NULL,'7',NULL,NULL,'','','17','','','','ancillary','5ba92160e8',NULL,NULL,'35',NULL,'11',NULL,NULL,NULL,NULL,NULL,NULL,NULL),
	(827,'29','Arcata Plaza','Fields Forever Farm','2018-12-08',NULL,'91',NULL,NULL,'92','18','','','','6','certified','5ba92160e8',NULL,NULL,'35',NULL,'-172',NULL,NULL,NULL,NULL,NULL,NULL,NULL),
	(828,'29','Arcata Plaza','Flora Organica','2018-12-08',NULL,'10',NULL,NULL,'23','','','','','10','certified','5ba92160e8',NULL,NULL,'35',NULL,'-8',NULL,NULL,NULL,NULL,NULL,NULL,NULL),
	(829,'29','Arcata Plaza','Flying Blue Dog Farm & Nu','2018-12-08',NULL,'27',NULL,NULL,'16','','','','','10','certified','5ba92160e8',NULL,NULL,'35',NULL,'-18',NULL,NULL,NULL,NULL,NULL,NULL,NULL),
	(830,'29','Arcata Plaza','Forest Lakes Nursery','2018-12-08',NULL,'',NULL,NULL,'','','','','','','certified','5ba92160e8',NULL,NULL,'35',NULL,'35',NULL,NULL,NULL,NULL,NULL,NULL,NULL),
	(831,'29','Arcata Plaza','Green Fire Farm','2018-12-08',NULL,'',NULL,NULL,'','','','','10','','certified','5ba92160e8',NULL,NULL,'35',NULL,'25',NULL,NULL,NULL,NULL,NULL,NULL,NULL),
	(832,'29','Arcata Plaza','Humboldt Honey Wine','2018-12-08',NULL,'21',NULL,NULL,'','','','','','','certified','5ba92160e8',NULL,NULL,'35',NULL,'14',NULL,NULL,NULL,NULL,NULL,NULL,NULL),
	(833,'29','Arcata Plaza','I and I Farm','2018-12-08',NULL,'40',NULL,NULL,'56','2','','','','8','certified','5ba92160e8',NULL,NULL,'35',NULL,'-71',NULL,NULL,NULL,NULL,NULL,NULL,NULL),
	(834,'29','Arcata Plaza','Little River Farm','2018-12-08',NULL,'63',NULL,NULL,'77','16','','','','2','certified','5ba92160e8',NULL,NULL,'35',NULL,'-123',NULL,NULL,NULL,NULL,NULL,NULL,NULL),
	(835,'29','Arcata Plaza','Luna Farm','2018-12-08',NULL,'83',NULL,NULL,'81','26','','','','26','certified','5ba92160e8',NULL,NULL,'35',NULL,'-181',NULL,NULL,NULL,NULL,NULL,NULL,NULL),
	(836,'29','Arcata Plaza','McIntosh Farm','2018-12-08',NULL,'48',NULL,NULL,'55','40','','','8','44','certified','5ba92160e8',NULL,NULL,'35',NULL,'-160',NULL,NULL,NULL,NULL,NULL,NULL,NULL),
	(837,'29','Arcata Plaza','Moonshadow Farm','2018-12-08',NULL,'9',NULL,NULL,'','4','','','','10','certified','5ba92160e8',NULL,NULL,'35',NULL,'12',NULL,NULL,NULL,NULL,NULL,NULL,NULL),
	(838,'29','Arcata Plaza','Mycality Mushroom','2018-12-08',NULL,'47',NULL,NULL,'51','','','','','','certified','5ba92160e8',NULL,NULL,'35',NULL,'-63',NULL,NULL,NULL,NULL,NULL,NULL,NULL),
	(839,'29','Arcata Plaza','Organic Matters Ranch','2018-12-08',NULL,'78',NULL,NULL,'38','','','','','','certified','5ba92160e8',NULL,NULL,'35',NULL,'-81',NULL,NULL,NULL,NULL,NULL,NULL,NULL),
	(840,'29','Arcata Plaza','Rain Frog Farm','2018-12-08',NULL,'22',NULL,NULL,'23','6','4','','','4','certified','5ba92160e8',NULL,NULL,'35',NULL,'-24',NULL,NULL,NULL,NULL,NULL,NULL,NULL),
	(841,'29','Arcata Plaza','Reed\'s Bees','2018-12-08',NULL,'144',NULL,NULL,'','','','','','','certified','5ba92160e8',NULL,NULL,'35',NULL,'-109',NULL,NULL,NULL,NULL,NULL,NULL,NULL),
	(842,'29','Arcata Plaza','Ridgetop Garden','2018-12-08',NULL,'',NULL,NULL,'','','','','','','certified','5ba92160e8',NULL,NULL,'35',NULL,'35',NULL,NULL,NULL,NULL,NULL,NULL,NULL),
	(843,'29','Arcata Plaza','Rock N Rose','2018-12-08',NULL,'5',NULL,NULL,'','','','','','8','certified','5ba92160e8',NULL,NULL,'35',NULL,'22',NULL,NULL,NULL,NULL,NULL,NULL,NULL),
	(844,'29','Arcata Plaza','Sarvinski Family Farm','2018-12-08',NULL,'74',NULL,NULL,'29','','5','','','10','certified','5ba92160e8',NULL,NULL,'35',NULL,'-83',NULL,NULL,NULL,NULL,NULL,NULL,NULL),
	(845,'29','Arcata Plaza','Shakefork Community Farm','2018-12-08',NULL,'88',NULL,NULL,'95','10','','This is a test','','','certified','5ba92160e8',NULL,NULL,'35',NULL,'-158',NULL,NULL,NULL,NULL,NULL,NULL,NULL),
	(846,'29','Arcata Plaza','Sweet Pea Gardens','2018-12-08',NULL,'15',NULL,NULL,'2','','','','','6','certified','5ba92160e8',NULL,NULL,'35',NULL,'12',NULL,NULL,NULL,NULL,NULL,NULL,NULL),
	(847,'29','Arcata Plaza','The Oyster Lady','2018-12-08',NULL,'26',NULL,NULL,'','','','','','','ancillary','5ba92160e8',NULL,NULL,'35',NULL,'9',NULL,NULL,NULL,NULL,NULL,NULL,NULL),
	(848,'29','Arcata Plaza','Trident Lightning Farm','2018-12-08',NULL,'33',NULL,NULL,'27','8','3','','5','','certified','5ba92160e8',NULL,NULL,'35',NULL,'-41',NULL,NULL,NULL,NULL,NULL,NULL,NULL),
	(849,'29','Arcata Plaza','Wild Rose Farm','2018-12-08',NULL,'25',NULL,NULL,'33','','','','','2','certified','5ba92160e8',NULL,NULL,'35',NULL,'-25',NULL,NULL,NULL,NULL,NULL,NULL,NULL),
	(850,'29','Arcata Plaza','Willow Creek Farms','2018-12-08',NULL,'81',NULL,NULL,'115','6','8','','','10','certified','5ba92160e8',NULL,NULL,'35',NULL,'-185',NULL,NULL,NULL,NULL,NULL,NULL,NULL),
	(851,'29','Arcata Plaza','Woody Ryno','2018-12-08',NULL,'37',NULL,NULL,'7','','','This is a test','','','certified','5ba92160e8',NULL,NULL,'35',NULL,'-9',NULL,NULL,NULL,NULL,NULL,NULL,NULL),
	(852,'29','Arcata Plaza','Celebrations Tamales','2018-12-08',NULL,'',NULL,NULL,'','','','','','','certified','5ba92160e8',NULL,NULL,'35',NULL,'35',NULL,NULL,NULL,NULL,NULL,NULL,NULL),
	(853,'29','Arcata Plaza','Food is Love, Love is Food','2018-12-08',NULL,'',NULL,NULL,'','','','','','','certified','5ba92160e8',NULL,NULL,'35',NULL,'35',NULL,NULL,NULL,NULL,NULL,NULL,NULL),
	(854,'29','Arcata Plaza','Foodwise','2018-12-08',NULL,'',NULL,NULL,'','','','','','','certified','5ba92160e8',NULL,NULL,'35',NULL,'35',NULL,NULL,NULL,NULL,NULL,NULL,NULL),
	(855,'29','Arcata Plaza','Fritanga Nica','2018-12-08',NULL,'',NULL,NULL,'','','','','','','certified','5ba92160e8',NULL,NULL,'35',NULL,'35',NULL,NULL,NULL,NULL,NULL,NULL,NULL),
	(856,'29','Arcata Plaza','Hooked Kettle Corn','2018-12-08',NULL,'',NULL,NULL,'','','','','','','certified','5ba92160e8',NULL,NULL,'35',NULL,'35',NULL,NULL,NULL,NULL,NULL,NULL,NULL),
	(857,'29','Arcata Plaza','Humboldt Hot Dogs','2018-12-08',NULL,'',NULL,NULL,'','','','','','','certified','5ba92160e8',NULL,NULL,'35',NULL,'35',NULL,NULL,NULL,NULL,NULL,NULL,NULL),
	(858,'29','Arcata Plaza','Kneeland Glen Goats','2018-12-08',NULL,'',NULL,NULL,'','','','','','','certified','5ba92160e8',NULL,NULL,'35',NULL,'35',NULL,NULL,NULL,NULL,NULL,NULL,NULL),
	(859,'29','Arcata Plaza','Kodiak Catch','2018-12-08',NULL,'42',NULL,NULL,'','','','','','','certified','5ba92160e8',NULL,NULL,'35',NULL,'-7',NULL,NULL,NULL,NULL,NULL,NULL,NULL),
	(860,'29','Arcata Plaza','Ryan Creek Root Cellar','2018-12-08',NULL,'7',NULL,NULL,'','','','','','','certified','5ba92160e8',NULL,NULL,'35',NULL,'28',NULL,NULL,NULL,NULL,NULL,NULL,NULL),
	(861,'29','Arcata Plaza','Kentucky Don\'s BBQ','2018-12-08',NULL,'',NULL,NULL,'','','','','','','certified','5ba92160e8',NULL,NULL,'35',NULL,'35',NULL,NULL,NULL,NULL,NULL,NULL,NULL),
	(862,'29','Arcata Plaza','Ticabruja Creations','2018-12-08',NULL,'',NULL,NULL,'','','','','','','ancillary','5ba92160e8',NULL,NULL,'35',NULL,'35',NULL,NULL,NULL,NULL,NULL,NULL,NULL),
	(863,'29','Arcata Plaza','Goosefoot Farm','2018-11-24',NULL,'50',NULL,NULL,'','','','  Test','','','certified','5ba92160e8',NULL,NULL,'35',NULL,'-15',NULL,NULL,NULL,NULL,NULL,NULL,NULL),
	(864,'29','Arcata Plaza','Brenda\'s Family Farm','2018-12-08',NULL,'30',NULL,NULL,'5','2','3','  ','','','certified','5ba92160e8',NULL,NULL,'35',NULL,'-5',NULL,NULL,NULL,NULL,NULL,NULL,NULL),
	(867,'29','Arcata Plaza','Cams Jams','2018-12-26',NULL,'2',NULL,NULL,'2','2','2','','2','2','certified','5ba92160e8',NULL,NULL,'200',NULL,'188',NULL,NULL,NULL,NULL,NULL,NULL,NULL),
	(868,'29','Arcata Plaza','Earth N Hands Farm','2018-12-15',NULL,'63',NULL,NULL,'4','24','2','  ','','16','certified','5ba92160e8',NULL,NULL,'35',NULL,'-74',NULL,NULL,NULL,NULL,NULL,NULL,NULL),
	(869,'29','Arcata Plaza','Earthly Edibles','2018-12-15',NULL,'32',NULL,NULL,'57','12','','','','10','certified','5ba92160e8',NULL,NULL,'35',NULL,'-76',NULL,NULL,NULL,NULL,NULL,NULL,NULL),
	(870,'29','Arcata Plaza','Ewe So Dirty Farm','2018-12-15',NULL,'',NULL,NULL,'','','','','','','ancillary','5ba92160e8',NULL,NULL,'35',NULL,'35',NULL,NULL,NULL,NULL,NULL,NULL,NULL),
	(871,'29','Arcata Plaza','Fields Forever Farm','2018-12-15',NULL,'28',NULL,NULL,'44','','','','','16','certified','5ba92160e8',NULL,NULL,'35',NULL,'-53',NULL,NULL,NULL,NULL,NULL,NULL,NULL),
	(872,'29','Arcata Plaza','Flora Organica','2018-12-15',NULL,'21',NULL,NULL,'24','','','','','8','certified','5ba92160e8',NULL,NULL,'35',NULL,'-18',NULL,NULL,NULL,NULL,NULL,NULL,NULL),
	(873,'29','Arcata Plaza','Flying Blue Dog Farm & Nu','2018-12-15',NULL,'59',NULL,NULL,'33','','','','','4','certified','5ba92160e8',NULL,NULL,'35',NULL,'-61',NULL,NULL,NULL,NULL,NULL,NULL,NULL),
	(874,'29','Arcata Plaza','Forest Lakes Nursery','2018-12-15',NULL,'12',NULL,NULL,'','','','','','','certified','5ba92160e8',NULL,NULL,'35',NULL,'23',NULL,NULL,NULL,NULL,NULL,NULL,NULL),
	(875,'29','Arcata Plaza','Goosefoot Farm','2018-12-15',NULL,'4',NULL,NULL,'8','','','','','2','certified','5ba92160e8',NULL,NULL,'35',NULL,'21',NULL,NULL,NULL,NULL,NULL,NULL,NULL),
	(876,'29','Arcata Plaza','Green Fire Farm','2018-12-15',NULL,'',NULL,NULL,'','','','','','','certified','5ba92160e8',NULL,NULL,'35',NULL,'35',NULL,NULL,NULL,NULL,NULL,NULL,NULL),
	(877,'29','Arcata Plaza','Honey Apple Farms','2018-12-15',NULL,'21',NULL,NULL,'11','4','','','','','certified','5ba92160e8',NULL,NULL,'35',NULL,'-1',NULL,NULL,NULL,NULL,NULL,NULL,NULL),
	(878,'29','Arcata Plaza','Humboldt Honey Wine','2018-12-15',NULL,'',NULL,NULL,'','','','','','','certified','5ba92160e8',NULL,NULL,'35',NULL,'35',NULL,NULL,NULL,NULL,NULL,NULL,NULL),
	(879,'29','Arcata Plaza','I and I Farm','2018-12-15',NULL,'21',NULL,NULL,'29','','','','','12','certified','5ba92160e8',NULL,NULL,'35',NULL,'-27',NULL,NULL,NULL,NULL,NULL,NULL,NULL),
	(880,'29','Arcata Plaza','Jameson Creek Ranch','2018-12-15',NULL,'14',NULL,NULL,'','','','','','','certified','5ba92160e8',NULL,NULL,'35',NULL,'21',NULL,NULL,NULL,NULL,NULL,NULL,NULL),
	(881,'29','Arcata Plaza','Little River Farm','2018-12-15',NULL,'19',NULL,NULL,'43','8','','','','14','certified','5ba92160e8',NULL,NULL,'35',NULL,'-49',NULL,NULL,NULL,NULL,NULL,NULL,NULL),
	(882,'29','Arcata Plaza','Luna Farm','2018-12-15',NULL,'54',NULL,NULL,'92','4','','','','14','certified','5ba92160e8',NULL,NULL,'35',NULL,'-129',NULL,NULL,NULL,NULL,NULL,NULL,NULL),
	(883,'29','Arcata Plaza','Luscious Gardens','2018-12-15',NULL,'',NULL,NULL,'','','','','','','certified','5ba92160e8',NULL,NULL,'35',NULL,'35',NULL,NULL,NULL,NULL,NULL,NULL,NULL),
	(884,'29','Arcata Plaza','McIntosh Farm','2018-12-15',NULL,'36',NULL,NULL,'43','','','','','4','certified','5ba92160e8',NULL,NULL,'35',NULL,'-48',NULL,NULL,NULL,NULL,NULL,NULL,NULL),
	(885,'29','Arcata Plaza','Moonshadow Farm','2018-12-15',NULL,'2',NULL,NULL,'5','','','','','4','certified','5ba92160e8',NULL,NULL,'35',NULL,'24',NULL,NULL,NULL,NULL,NULL,NULL,NULL),
	(886,'29','Arcata Plaza','Mycality Mushroom','2018-12-15',NULL,'32',NULL,NULL,'53','','','','','','certified','5ba92160e8',NULL,NULL,'35',NULL,'-50',NULL,NULL,NULL,NULL,NULL,NULL,NULL),
	(887,'29','Arcata Plaza','Organic Matters Ranch','2018-12-15',NULL,'34',NULL,NULL,'48','6','','','','14','certified','5ba92160e8',NULL,NULL,'35',NULL,'-67',NULL,NULL,NULL,NULL,NULL,NULL,NULL),
	(888,'29','Arcata Plaza','Pam E Van Fleet','2018-12-15',NULL,'',NULL,NULL,'','','','','','','certified','5ba92160e8',NULL,NULL,'35',NULL,'35',NULL,NULL,NULL,NULL,NULL,NULL,NULL),
	(889,'29','Arcata Plaza','Rain Frog Farm','2018-12-15',NULL,'25',NULL,NULL,'19','2','','','','','certified','5ba92160e8',NULL,NULL,'35',NULL,'-11',NULL,NULL,NULL,NULL,NULL,NULL,NULL),
	(890,'29','Arcata Plaza','Reed\'s Bees','2018-12-15',NULL,'139',NULL,NULL,'','','','','','','certified','5ba92160e8',NULL,NULL,'35',NULL,'-104',NULL,NULL,NULL,NULL,NULL,NULL,NULL),
	(891,'29','Arcata Plaza','Rock N Rose','2018-12-15',NULL,'',NULL,NULL,'','','','','','','certified','5ba92160e8',NULL,NULL,'35',NULL,'35',NULL,NULL,NULL,NULL,NULL,NULL,NULL),
	(892,'29','Arcata Plaza','Sarvinski Family Farm','2018-12-15',NULL,'76',NULL,NULL,'4','6','','','','4','certified','5ba92160e8',NULL,NULL,'35',NULL,'-55',NULL,NULL,NULL,NULL,NULL,NULL,NULL),
	(893,'29','Arcata Plaza','Shakefork Community Farm','2018-12-15',NULL,'54',NULL,NULL,'62','','','','','4','certified','5ba92160e8',NULL,NULL,'35',NULL,'-85',NULL,NULL,NULL,NULL,NULL,NULL,NULL),
	(894,'29','Arcata Plaza','Sweet Pea Gardens','2018-12-15',NULL,'5',NULL,NULL,'','','','','','','certified','5ba92160e8',NULL,NULL,'35',NULL,'30',NULL,NULL,NULL,NULL,NULL,NULL,NULL),
	(895,'29','Arcata Plaza','Trident Lightning Farm','2018-12-15',NULL,'13',NULL,NULL,'26','','','','','10','certified','5ba92160e8',NULL,NULL,'35',NULL,'-14',NULL,NULL,NULL,NULL,NULL,NULL,NULL),
	(896,'29','Arcata Plaza','Willow Creek Farms','2018-12-15',NULL,'54',NULL,NULL,'113','6','','','','','certified','5ba92160e8',NULL,NULL,'35',NULL,'-138',NULL,NULL,NULL,NULL,NULL,NULL,NULL),
	(897,'29','Arcata Plaza','Celebrations Tamales','2018-12-15',NULL,'',NULL,NULL,'','','','','','','ancillary','5ba92160e8',NULL,NULL,'35',NULL,'35',NULL,NULL,NULL,NULL,NULL,NULL,NULL),
	(898,'29','Arcata Plaza','Food is Love, Love is Foo','2018-12-15',NULL,'',NULL,NULL,'','','','','','','certified','5ba92160e8',NULL,NULL,'35',NULL,'35',NULL,NULL,NULL,NULL,NULL,NULL,NULL),
	(899,'29','Arcata Plaza','Foodwise','2018-12-15',NULL,'10',NULL,NULL,'','','','','','','certified','5ba92160e8',NULL,NULL,'35',NULL,'25',NULL,NULL,NULL,NULL,NULL,NULL,NULL),
	(900,'29','Arcata Plaza','Fritanga Nica','2018-12-15',NULL,'4',NULL,NULL,'','','','','','','certified','5ba92160e8',NULL,NULL,'35',NULL,'31',NULL,NULL,NULL,NULL,NULL,NULL,NULL),
	(901,'29','Arcata Plaza','Henry\'s Olives','2018-12-15',NULL,'72',NULL,NULL,'','','','','','','certified','5ba92160e8',NULL,NULL,'35',NULL,'-37',NULL,NULL,NULL,NULL,NULL,NULL,NULL),
	(902,'29','Arcata Plaza','Hooked Kettle Corn','2018-12-15',NULL,'14',NULL,NULL,'','','','','','','certified','5ba92160e8',NULL,NULL,'35',NULL,'21',NULL,NULL,NULL,NULL,NULL,NULL,NULL),
	(903,'29','Arcata Plaza','Humboldt Hot Dogs','2018-12-15',NULL,'',NULL,NULL,'','','','','','','certified','5ba92160e8',NULL,NULL,'35',NULL,'35',NULL,NULL,NULL,NULL,NULL,NULL,NULL),
	(904,'29','Arcata Plaza','Kneeland Glen Goats','2018-12-15',NULL,'',NULL,NULL,'','','','','','','certified','5ba92160e8',NULL,NULL,'35',NULL,'35',NULL,NULL,NULL,NULL,NULL,NULL,NULL),
	(905,'29','Arcata Plaza','Kodiak Catch','2018-12-15',NULL,'57',NULL,NULL,'','','','','','','certified','5ba92160e8',NULL,NULL,'35',NULL,'-22',NULL,NULL,NULL,NULL,NULL,NULL,NULL),
	(906,'29','Arcata Plaza','Ryan Creek Root Cellar','2018-12-15',NULL,'7',NULL,NULL,'','','','','','','certified','5ba92160e8',NULL,NULL,'35',NULL,'28',NULL,NULL,NULL,NULL,NULL,NULL,NULL),
	(907,'29','Arcata Plaza','Kentucky Don\'s BBQ','2018-12-15',NULL,'',NULL,NULL,'','','','','','','certified','5ba92160e8',NULL,NULL,'35',NULL,'35',NULL,NULL,NULL,NULL,NULL,NULL,NULL),
	(908,'29','Arcata Plaza','Twisted Tree Bakery','2018-12-15',NULL,'10',NULL,NULL,'','','','','','','certified','5ba92160e8',NULL,NULL,'35',NULL,'25',NULL,NULL,NULL,NULL,NULL,NULL,NULL),
	(909,'29','Arcata Plaza','Glee\'s Baking & Milling','2018-12-15',NULL,'',NULL,NULL,'','','','','','','ancillary','5ba92160e8',NULL,NULL,'35',NULL,'35',NULL,NULL,NULL,NULL,NULL,NULL,NULL),
	(910,'29','Arcata Plaza','Roland Ceramics','2018-12-15',NULL,'',NULL,NULL,'','','','','','','certified','5ba92160e8',NULL,NULL,'35',NULL,'35',NULL,NULL,NULL,NULL,NULL,NULL,NULL),
	(911,'29','Arcata Plaza','Earth N Hands Farm','2018-12-22',NULL,'87',NULL,NULL,'80','','','  ','','52','certified','5ba92160e8',NULL,NULL,'35',NULL,'-184',NULL,NULL,NULL,NULL,NULL,NULL,NULL),
	(912,'29','Arcata Plaza','Earthly Edibles','2018-12-22',NULL,'42',NULL,NULL,'54','6','','','','6','certified','5ba92160e8',NULL,NULL,'35',NULL,'-73',NULL,NULL,NULL,NULL,NULL,NULL,NULL),
	(913,'29','Arcata Plaza','Fields Forever Farm','2018-12-22',NULL,'12',NULL,NULL,'21','8','','','','10','certified','5ba92160e8',NULL,NULL,'35',NULL,'-16',NULL,NULL,NULL,NULL,NULL,NULL,NULL),
	(916,'29','Arcata Plaza','Flora Organica','2018-12-22',NULL,'23',NULL,NULL,'12','','','  ','','6','certified','5ba92160e8',NULL,NULL,'35',NULL,'-6',NULL,NULL,NULL,NULL,NULL,NULL,NULL),
	(917,'29','Arcata Plaza','Green Fire Farm','2018-12-22',NULL,'',NULL,NULL,'','','','','','','certified','5ba92160e8',NULL,NULL,'35',NULL,'35',NULL,NULL,NULL,NULL,NULL,NULL,NULL),
	(918,'29','Arcata Plaza','Humboldt Honey Wine','2018-12-22',NULL,'',NULL,NULL,'','','','','','','certified','5ba92160e8',NULL,NULL,'35',NULL,'35',NULL,NULL,NULL,NULL,NULL,NULL,NULL),
	(919,'29','Arcata Plaza','I and I Farm','2018-12-22',NULL,'16',NULL,NULL,'31','','','','','','certified','5ba92160e8',NULL,NULL,'35',NULL,'-12',NULL,NULL,NULL,NULL,NULL,NULL,NULL),
	(920,'29','Arcata Plaza','Jameson Creek Ranch','2018-12-22',NULL,'3',NULL,NULL,'','','','','','','certified','5ba92160e8',NULL,NULL,'35',NULL,'32',NULL,NULL,NULL,NULL,NULL,NULL,NULL),
	(921,'29','Arcata Plaza','Leo\'s Plants','2018-12-22',NULL,'',NULL,NULL,'','','','','','','certified','5ba92160e8',NULL,NULL,'35',NULL,'35',NULL,NULL,NULL,NULL,NULL,NULL,NULL),
	(922,'29','Arcata Plaza','Little River Farm','2018-12-22',NULL,'51',NULL,NULL,'46','4','','','','','certified','5ba92160e8',NULL,NULL,'35',NULL,'-66',NULL,NULL,NULL,NULL,NULL,NULL,NULL),
	(923,'29','Arcata Plaza','Luna Farm','2018-12-22',NULL,'30',NULL,NULL,'43','6','','','','12','certified','5ba92160e8',NULL,NULL,'35',NULL,'-56',NULL,NULL,NULL,NULL,NULL,NULL,NULL),
	(924,'29','Arcata Plaza','McIntosh Farm','2018-12-22',NULL,'5',NULL,NULL,'17','2','','','11','16','certified','5ba92160e8',NULL,NULL,'35',NULL,'-16',NULL,NULL,NULL,NULL,NULL,NULL,NULL),
	(925,'29','Arcata Plaza','Moonshadow Farm','2018-12-22',NULL,'14',NULL,NULL,'','','','','','','certified','5ba92160e8',NULL,NULL,'35',NULL,'21',NULL,NULL,NULL,NULL,NULL,NULL,NULL),
	(926,'29','Arcata Plaza','Mycality Mushroom','2018-12-22',NULL,'52',NULL,NULL,'42','','','','','10','certified','5ba92160e8',NULL,NULL,'35',NULL,'-69',NULL,NULL,NULL,NULL,NULL,NULL,NULL),
	(927,'29','Arcata Plaza','Pam E Van Fleet','2018-12-22',NULL,'',NULL,NULL,'','','','','','','certified','5ba92160e8',NULL,NULL,'35',NULL,'35',NULL,NULL,NULL,NULL,NULL,NULL,NULL),
	(928,'29','Arcata Plaza','Pierce Family Farm','2018-12-22',NULL,'27',NULL,NULL,'35','4','','','','','certified','5ba92160e8',NULL,NULL,'35',NULL,'-31',NULL,NULL,NULL,NULL,NULL,NULL,NULL),
	(929,'29','Arcata Plaza','Rain Frog Farm','2018-12-22',NULL,'25',NULL,NULL,'24','8','','','','','certified','5ba92160e8',NULL,NULL,'35',NULL,'-22',NULL,NULL,NULL,NULL,NULL,NULL,NULL),
	(930,'29','Arcata Plaza','Sarvinski Family Farm','2018-12-22',NULL,'69',NULL,NULL,'5','','','','','6','certified','5ba92160e8',NULL,NULL,'35',NULL,'-45',NULL,NULL,NULL,NULL,NULL,NULL,NULL),
	(931,'29','Arcata Plaza','Shakefork Community Farm','2018-12-22',NULL,'26',NULL,NULL,'49','10','','','','','certified','5ba92160e8',NULL,NULL,'35',NULL,'-50',NULL,NULL,NULL,NULL,NULL,NULL,NULL),
	(932,'29','Arcata Plaza','Sweet Pea Gardens','2018-12-22',NULL,'',NULL,NULL,'','','','','','','certified','5ba92160e8',NULL,NULL,'35',NULL,'35',NULL,NULL,NULL,NULL,NULL,NULL,NULL),
	(933,'29','Arcata Plaza','Willow Creek Farms','2018-12-22',NULL,'13',NULL,NULL,'52','38','','','','','certified','5ba92160e8',NULL,NULL,'35',NULL,'-68',NULL,NULL,NULL,NULL,NULL,NULL,NULL),
	(934,'29','Arcata Plaza','Woody Ryno','2018-12-22',NULL,'17',NULL,NULL,'','','','','','','certified','5ba92160e8',NULL,NULL,'35',NULL,'18',NULL,NULL,NULL,NULL,NULL,NULL,NULL),
	(935,'29','Arcata Plaza','Arise Bakery','2018-12-22',NULL,'51',NULL,NULL,'','','','','','','certified','5ba92160e8',NULL,NULL,'35',NULL,'-16',NULL,NULL,NULL,NULL,NULL,NULL,NULL),
	(936,'29','Arcata Plaza','Celebrations Tamales','2018-12-22',NULL,'',NULL,NULL,'','','','','','','certified','5ba92160e8',NULL,NULL,'35',NULL,'35',NULL,NULL,NULL,NULL,NULL,NULL,NULL),
	(937,'29','Arcata Plaza','Fritanga Nica','2018-12-22',NULL,'',NULL,NULL,'','','','','','','certified','5ba92160e8',NULL,NULL,'35',NULL,'35',NULL,NULL,NULL,NULL,NULL,NULL,NULL),
	(938,'29','Arcata Plaza','Henry\'s Olives','2018-12-22',NULL,'46',NULL,NULL,'','','','','','','certified','5ba92160e8',NULL,NULL,'35',NULL,'-11',NULL,NULL,NULL,NULL,NULL,NULL,NULL),
	(939,'29','Arcata Plaza','Humboldt Hot Dogs','2018-12-22',NULL,'',NULL,NULL,'','','','','','','certified','5ba92160e8',NULL,NULL,'35',NULL,'35',NULL,NULL,NULL,NULL,NULL,NULL,NULL),
	(940,'29','Arcata Plaza','Kneeland Glen Goats','2018-12-22',NULL,'',NULL,NULL,'','','','','','','certified','5ba92160e8',NULL,NULL,'35',NULL,'35',NULL,NULL,NULL,NULL,NULL,NULL,NULL),
	(941,'29','Arcata Plaza','Louise\'s Gourmet Seasoned','2018-12-22',NULL,'',NULL,NULL,'','','','','','','certified','5ba92160e8',NULL,NULL,'35',NULL,'35',NULL,NULL,NULL,NULL,NULL,NULL,NULL),
	(942,'29','Arcata Plaza','Pizza Gago','2018-12-22',NULL,'',NULL,NULL,'','','','','','','certified','5ba92160e8',NULL,NULL,'35',NULL,'35',NULL,NULL,NULL,NULL,NULL,NULL,NULL),
	(943,'29','Arcata Plaza','Ryan Creek Root Cellar','2018-12-22',NULL,'13',NULL,NULL,'','','','','','','certified','5ba92160e8',NULL,NULL,'35',NULL,'22',NULL,NULL,NULL,NULL,NULL,NULL,NULL),
	(944,'29','Arcata Plaza','Roland Ceramics','2018-12-22',NULL,'',NULL,NULL,'','','','','','','certified','5ba92160e8',NULL,NULL,'35',NULL,'35',NULL,NULL,NULL,NULL,NULL,NULL,NULL),
	(945,'29','Arcata Plaza','Kentucky Don\'s BBQ','2018-12-22',NULL,'',NULL,NULL,'','','','  ','','','certified','5ba92160e8',NULL,NULL,'35',NULL,'35',NULL,NULL,NULL,NULL,NULL,NULL,NULL),
	(946,'29','Arcata Plaza','Rock N Rose','2018-12-22',NULL,'',NULL,NULL,'','','','','','','certified','5ba92160e8',NULL,NULL,'35',NULL,'35',NULL,NULL,NULL,NULL,NULL,NULL,NULL),
	(947,'29','Arcata Plaza','Cams Jams','2018-12-22',NULL,'',NULL,NULL,'','','','  this is Glee','','','certified','5ba92160e8',NULL,NULL,'35',NULL,'35',NULL,NULL,NULL,NULL,NULL,NULL,NULL),
	(948,'29','Arcata Plaza','Martha\'s Pottery - Fortun','2018-12-22',NULL,'',NULL,NULL,'','','','this is Amy\'s tie dye','','','certified','5ba92160e8',NULL,NULL,'35',NULL,'35',NULL,NULL,NULL,NULL,NULL,NULL,NULL),
	(951,'29','Arcata Plaza','Bohemian Mermaid - Fortun','2018-12-22',NULL,'',NULL,NULL,'','','','this is spirit medicine','','','certified','5ba92160e8',NULL,NULL,'35',NULL,'35',NULL,NULL,NULL,NULL,NULL,NULL,NULL),
	(952,'29','Arcata Plaza','Las Colombianas','2018-12-22',NULL,'',NULL,NULL,'','','','this is ticabruja','','','certified','5ba92160e8',NULL,NULL,'35',NULL,'35',NULL,NULL,NULL,NULL,NULL,NULL,NULL),
	(955,'26','Cambria','Dragon Springs','2019-01-10',NULL,'','','',NULL,NULL,NULL,NULL,NULL,NULL,'ancillary','5b920b9041',NULL,NULL,'500',NULL,'25',NULL,NULL,NULL,NULL,NULL,NULL,NULL),
	(957,'29','Arcata Plaza','Earth N Hands Farm','2018-12-29',NULL,'13',NULL,NULL,'2','20','5','  ','','','certified','5ba92160e8',NULL,NULL,'35',NULL,'-5',NULL,NULL,NULL,NULL,NULL,NULL,NULL),
	(958,'29','Arcata Plaza','Earthly Edibles','2018-12-29',NULL,'27',NULL,NULL,'32','76','5','','','6','certified','5ba92160e8',NULL,NULL,'35',NULL,'-111',NULL,NULL,NULL,NULL,NULL,NULL,NULL),
	(959,'29','Arcata Plaza','Ewe So Dirty Farm','2018-12-29',NULL,'13',NULL,NULL,'','','','','','','certified','5ba92160e8',NULL,NULL,'35',NULL,'22',NULL,NULL,NULL,NULL,NULL,NULL,NULL),
	(960,'29','Arcata Plaza','Fields Forever Farm','2018-12-29',NULL,'36',NULL,NULL,'26','42','14','','','18','certified','5ba92160e8',NULL,NULL,'35',NULL,'-101',NULL,NULL,NULL,NULL,NULL,NULL,NULL),
	(961,'29','Arcata Plaza','Flora Organica','2018-12-29',NULL,'14',NULL,NULL,'8','10','7','','','8','certified','5ba92160e8',NULL,NULL,'35',NULL,'-12',NULL,NULL,NULL,NULL,NULL,NULL,NULL),
	(962,'29','Arcata Plaza','Humboldt Honey Wine','2018-12-29',NULL,'',NULL,NULL,'','','','','','','certified','5ba92160e8',NULL,NULL,'35',NULL,'35',NULL,NULL,NULL,NULL,NULL,NULL,NULL),
	(963,'29','Arcata Plaza','I and I Farm','2018-12-29',NULL,'12',NULL,NULL,'17','22','','','','4','certified','5ba92160e8',NULL,NULL,'35',NULL,'-20',NULL,NULL,NULL,NULL,NULL,NULL,NULL),
	(964,'29','Arcata Plaza','Little River Farm','2018-12-29',NULL,'26',NULL,NULL,'50','22','','','','','certified','5ba92160e8',NULL,NULL,'35',NULL,'-63',NULL,NULL,NULL,NULL,NULL,NULL,NULL),
	(965,'29','Arcata Plaza','Luna Farm','2018-12-29',NULL,'16',NULL,NULL,'38','66','1','','','','certified','5ba92160e8',NULL,NULL,'35',NULL,'-86',NULL,NULL,NULL,NULL,NULL,NULL,NULL),
	(966,'29','Arcata Plaza','McIntosh Farm','2018-12-29',NULL,'6',NULL,NULL,'13','30','','','','12','certified','5ba92160e8',NULL,NULL,'35',NULL,'-26',NULL,NULL,NULL,NULL,NULL,NULL,NULL),
	(967,'29','Arcata Plaza','Moonshadow Farm','2018-12-29',NULL,'',NULL,NULL,'','','','','','8','certified','5ba92160e8',NULL,NULL,'35',NULL,'27',NULL,NULL,NULL,NULL,NULL,NULL,NULL),
	(968,'29','Arcata Plaza','Organic Matters Ranch','2018-12-29',NULL,'5',NULL,NULL,'10','','2','','','2','certified','5ba92160e8',NULL,NULL,'35',NULL,'16',NULL,NULL,NULL,NULL,NULL,NULL,NULL),
	(969,'29','Arcata Plaza','Pierce Family Farm','2018-12-29',NULL,'13',NULL,NULL,'31','30','6','','','8','certified','5ba92160e8',NULL,NULL,'35',NULL,'-53',NULL,NULL,NULL,NULL,NULL,NULL,NULL),
	(970,'29','Arcata Plaza','Rain Frog Farm','2018-12-29',NULL,'16',NULL,NULL,'37','24','','','','6','certified','5ba92160e8',NULL,NULL,'35',NULL,'-48',NULL,NULL,NULL,NULL,NULL,NULL,NULL),
	(971,'29','Arcata Plaza','Reed\'s Bees','2018-12-29',NULL,'61',NULL,NULL,'','','5','','','','certified','5ba92160e8',NULL,NULL,'35',NULL,'-31',NULL,NULL,NULL,NULL,NULL,NULL,NULL),
	(972,'29','Arcata Plaza','Sarvinski Family Farm','2018-12-29',NULL,'57',NULL,NULL,'4','','5','','','16','certified','5ba92160e8',NULL,NULL,'35',NULL,'-47',NULL,NULL,NULL,NULL,NULL,NULL,NULL),
	(973,'29','Arcata Plaza','Shakefork Community Farm','2018-12-29',NULL,'25',NULL,NULL,'20','10','8','  ','','2','certified','5ba92160e8',NULL,NULL,'35',NULL,'-30',NULL,NULL,NULL,NULL,NULL,NULL,NULL),
	(974,'29','Arcata Plaza','Willow Creek Farms','2018-12-29',NULL,'74',NULL,NULL,'41','76','','','','14','certified','5ba92160e8',NULL,NULL,'35',NULL,'-170',NULL,NULL,NULL,NULL,NULL,NULL,NULL),
	(975,'29','Arcata Plaza','Woody Ryno','2018-12-29',NULL,'7',NULL,NULL,'','','','Test email','','','certified','5ba92160e8',NULL,NULL,'35',NULL,'28',NULL,NULL,NULL,NULL,NULL,NULL,NULL),
	(976,'29','Arcata Plaza','Fritanga Nica','2018-12-29',NULL,'16',NULL,NULL,'','','','','','','ancillary','5ba92160e8',NULL,NULL,'35',NULL,'19',NULL,NULL,NULL,NULL,NULL,NULL,NULL),
	(977,'29','Arcata Plaza','Henry\'s Olives','2018-12-29',NULL,'100',NULL,NULL,'','','','','','','ancillary','5ba92160e8',NULL,NULL,'35',NULL,'-65',NULL,NULL,NULL,NULL,NULL,NULL,NULL),
	(978,'29','Arcata Plaza','Humboldt Hot Dogs','2018-12-29',NULL,'',NULL,NULL,'','','','','','','ancillary','5ba92160e8',NULL,NULL,'35',NULL,'35',NULL,NULL,NULL,NULL,NULL,NULL,NULL),
	(979,'29','Arcata Plaza','Kneeland Glen Goats','2018-12-29',NULL,'',NULL,NULL,'','','','','','','ancillary','5ba92160e8',NULL,NULL,'35',NULL,'35',NULL,NULL,NULL,NULL,NULL,NULL,NULL),
	(980,'29','Arcata Plaza','Louise\'s Gourmet Seasoned','2018-12-29',NULL,'',NULL,NULL,'','','','','','','ancillary','5ba92160e8',NULL,NULL,'35',NULL,'35',NULL,NULL,NULL,NULL,NULL,NULL,NULL),
	(981,'29','Arcata Plaza','Ryan Creek Root Cellar','2018-12-29',NULL,'16',NULL,NULL,'','','','','','','ancillary','5ba92160e8',NULL,NULL,'35',NULL,'19',NULL,NULL,NULL,NULL,NULL,NULL,NULL),
	(982,'29','Arcata Plaza','Jameson Creek Ranch','2018-12-29',NULL,'14',NULL,NULL,'','','7','','','','ancillary','5ba92160e8',NULL,NULL,'35',NULL,'14',NULL,NULL,NULL,NULL,NULL,NULL,NULL),
	(983,'29','Arcata Plaza','Rock N Rose','2018-12-29',NULL,'',NULL,NULL,'','','','','','','ancillary','5ba92160e8',NULL,NULL,'35',NULL,'35',NULL,NULL,NULL,NULL,NULL,NULL,NULL),
	(984,'29','Arcata Plaza','Amy Pollock','2018-12-29',NULL,'',NULL,NULL,'','','','','','','ancillary','5ba92160e8',NULL,NULL,'35',NULL,'35',NULL,NULL,NULL,NULL,NULL,NULL,NULL),
	(985,'29','Arcata Plaza','Roland Ceramics','2018-12-29',NULL,'',NULL,NULL,'','','','','','','ancillary','5ba92160e8',NULL,NULL,'35',NULL,'35',NULL,NULL,NULL,NULL,NULL,NULL,NULL),
	(986,'29','Arcata Plaza','Kentucky Don\'s BBQ','2018-12-29',NULL,'',NULL,NULL,'','','','','','','ancillary','5ba92160e8',NULL,NULL,'35',NULL,'35',NULL,NULL,NULL,NULL,NULL,NULL,NULL),
	(987,'29','Arcata Plaza','Ticabruja Creations','2018-12-29',NULL,'',NULL,NULL,'','','','','','','ancillary','5ba92160e8',NULL,NULL,'35',NULL,'35',NULL,NULL,NULL,NULL,NULL,NULL,NULL),
	(988,'29','Arcata Plaza','Goosefoot Farm','2018-12-29',NULL,'',NULL,NULL,'','','','Test','','','certified','5ba92160e8',NULL,NULL,'35',NULL,'35',NULL,NULL,NULL,NULL,NULL,NULL,NULL),
	(991,'29','Arcata Plaza','..aaanew vendor','2019-01-26',NULL,'',NULL,NULL,'','','','','','','','5ba92160e8',NULL,NULL,'100',NULL,'100',NULL,NULL,NULL,NULL,NULL,NULL,NULL),
	(998,'26','Cambria','Bounty of the Valley','2019-02-04',NULL,'1',NULL,'1',NULL,NULL,NULL,NULL,NULL,NULL,'','5b920b9041',NULL,NULL,'100',NULL,'2',NULL,NULL,NULL,'1','1','1',NULL),
	(999,'26','Cambria','Bounty of the Valley','2019-02-11',NULL,'1',NULL,'1',NULL,NULL,NULL,NULL,NULL,NULL,'','5b920b9041',NULL,NULL,'100',NULL,'2',NULL,NULL,NULL,'1','1','1',NULL),
	(1000,'26','Cambria','new vendor from checkout','2019-02-11',NULL,'1',NULL,'1',NULL,NULL,NULL,NULL,NULL,NULL,'','5b920b9041',NULL,NULL,'100',NULL,'2',NULL,NULL,NULL,'1','1','1',NULL),
	(1001,'29','Arcata Plaza','Earth N Hands Farm','2019-02-16',NULL,'32',NULL,NULL,'','','','  ','','','certified','5ba92160e8',NULL,NULL,'35',NULL,'3',NULL,NULL,NULL,NULL,NULL,NULL,NULL),
	(1002,'29','Arcata Plaza','Fields Forever Farm','2019-02-16',NULL,'40',NULL,NULL,'49','','','  ','','','certified','5ba92160e8',NULL,NULL,'35',NULL,'-54',NULL,NULL,NULL,NULL,NULL,NULL,NULL),
	(1003,'29','Arcata Plaza','Flora Organica','2019-02-16',NULL,'13',NULL,NULL,'65','','','','','','certified','5ba92160e8',NULL,NULL,'35',NULL,'-43',NULL,NULL,NULL,NULL,NULL,NULL,NULL),
	(1004,'29','Arcata Plaza','Freshwater Gardens','2019-02-16',NULL,'27',NULL,NULL,'6','','','','','','certified','5ba92160e8',NULL,NULL,'35',NULL,'2',NULL,NULL,NULL,NULL,NULL,NULL,NULL),
	(1005,'29','Arcata Plaza','Humboldt Honey Wine','2019-02-16',NULL,'4',NULL,NULL,'','','','','','','certified','5ba92160e8',NULL,NULL,'35',NULL,'31',NULL,NULL,NULL,NULL,NULL,NULL,NULL),
	(1006,'29','Arcata Plaza','Little River Farm','2019-02-16',NULL,'22',NULL,NULL,'50','','','','','','certified','5ba92160e8',NULL,NULL,'35',NULL,'-37',NULL,NULL,NULL,NULL,NULL,NULL,NULL),
	(1007,'29','Arcata Plaza','Luna Farm','2019-02-16',NULL,'42',NULL,NULL,'30','','','','','4','certified','5ba92160e8',NULL,NULL,'35',NULL,'-41',NULL,NULL,NULL,NULL,NULL,NULL,NULL),
	(1008,'29','Arcata Plaza','Mycality Mushroom','2019-02-16',NULL,'37',NULL,NULL,'14','','','','','','certified','5ba92160e8',NULL,NULL,'35',NULL,'-16',NULL,NULL,NULL,NULL,NULL,NULL,NULL),
	(1009,'29','Arcata Plaza','Rain Frog Farm','2019-02-16',NULL,'16',NULL,NULL,'39','','','','','2','certified','5ba92160e8',NULL,NULL,'35',NULL,'-22',NULL,NULL,NULL,NULL,NULL,NULL,NULL),
	(1010,'29','Arcata Plaza','Rock N Rose','2019-02-16',NULL,'2',NULL,NULL,'2','','','','','','ancillary','5ba92160e8',NULL,NULL,'35',NULL,'31',NULL,NULL,NULL,NULL,NULL,NULL,NULL),
	(1011,'29','Arcata Plaza','Sarvinski Family Farm','2019-02-16',NULL,'65',NULL,NULL,'','','','','','20','certified','5ba92160e8',NULL,NULL,'35',NULL,'-50',NULL,NULL,NULL,NULL,NULL,NULL,NULL),
	(1012,'29','Arcata Plaza','Shakefork Community Farm','2019-02-16',NULL,'85',NULL,NULL,'101','','','','','2','certified','5ba92160e8',NULL,NULL,'35',NULL,'-153',NULL,NULL,NULL,NULL,NULL,NULL,NULL),
	(1013,'29','Arcata Plaza','Food is Love, Love is Foo','2019-02-16',NULL,'',NULL,NULL,'','','','','','','ancillary','5ba92160e8',NULL,NULL,'35',NULL,'',NULL,NULL,NULL,NULL,NULL,NULL,NULL),
	(1014,'29','Arcata Plaza','Fritanga Nica','2019-02-16',NULL,'5',NULL,NULL,'','','','','','','ancillary','5ba92160e8',NULL,NULL,'35',NULL,'30',NULL,NULL,NULL,NULL,NULL,NULL,NULL),
	(1015,'29','Arcata Plaza','Henry\'s Olives','2019-02-16',NULL,'31',NULL,NULL,'','','109','','','','ancillary','5ba92160e8',NULL,NULL,'35',NULL,'-105',NULL,NULL,NULL,NULL,NULL,NULL,NULL),
	(1016,'29','Arcata Plaza','Humboldt Hot Dogs','2019-02-16',NULL,'',NULL,NULL,'','','','','','','ancillary','5ba92160e8',NULL,NULL,'35',NULL,'',NULL,NULL,NULL,NULL,NULL,NULL,NULL),
	(1017,'29','Arcata Plaza','Jameson Creek Ranch','2019-02-16',NULL,'10',NULL,NULL,'','','4','  ','','','ancillary','5ba92160e8',NULL,NULL,'35',NULL,'21',NULL,NULL,NULL,NULL,NULL,NULL,NULL),
	(1020,'29','Arcata Plaza','Kookie Toots','2019-02-16',NULL,'3',NULL,NULL,'2','6','7','  ','8','12','ancillary','5ba92160e8',NULL,NULL,'40',NULL,'2',NULL,NULL,NULL,NULL,NULL,NULL,NULL),
	(1025,'26','Cambria','Baba Foods','2019-02-26',NULL,'',NULL,'',NULL,NULL,NULL,NULL,NULL,NULL,'ancillary','5b920b9041',NULL,NULL,'100',NULL,'7.00',NULL,NULL,NULL,'','','',NULL),
	(1026,'26','Cambria','Barbara Powers','2019-02-26',NULL,'',NULL,'',NULL,NULL,NULL,NULL,NULL,NULL,'ancillary','5b920b9041',NULL,NULL,'100',NULL,'7.00',NULL,NULL,NULL,'','','',NULL),
	(1032,'26','Cambria','Bassetti Vineyards','2019-02-26',NULL,'1',NULL,'2',NULL,NULL,NULL,NULL,NULL,NULL,'certified','5b920b9041',NULL,NULL,'100',NULL,'-8.00',NULL,NULL,NULL,'3','4','5',NULL),
	(1033,'26','Cambria','McCall Farms','2019-02-26',NULL,'2',NULL,'4',NULL,NULL,NULL,NULL,NULL,NULL,'certified','5b920b9041',NULL,NULL,'400',NULL,'16.00',NULL,NULL,NULL,'','','',NULL),
	(1034,'26','Cambria','Bounty of the Valley Farms','2019-02-26',NULL,'',NULL,'',NULL,NULL,NULL,NULL,NULL,NULL,'certified','5b920b9041',NULL,NULL,'100',NULL,'7.00',NULL,NULL,NULL,'','','',NULL),
	(1035,'26','Cambria','Breaking Bread Bakery','2019-02-26',NULL,'',NULL,'',NULL,NULL,NULL,NULL,NULL,NULL,'ancillary','5b920b9041',NULL,NULL,'100',NULL,'7.00',NULL,NULL,NULL,'','','',NULL),
	(1036,'32','Demo Market','Beet\'s Beet','2019-03-03',NULL,'1',NULL,'1','1',NULL,NULL,NULL,NULL,NULL,'certified','5b920c8301',NULL,NULL,'100',NULL,'4.00',NULL,NULL,NULL,NULL,NULL,NULL,NULL),
	(1037,'32','Demo Market','Business Demo 3','2019-03-03',NULL,'1',NULL,'1','1',NULL,NULL,NULL,NULL,NULL,'certified','5b920c8301',NULL,NULL,'100',NULL,'4.00',NULL,NULL,NULL,NULL,NULL,NULL,NULL),
	(1042,'32','Demo Market','Business Demo 9','2019-03-04',NULL,'100',NULL,'2','3',NULL,NULL,NULL,NULL,NULL,'certified','5b920c8301',NULL,NULL,'1000',NULL,'-53.00',NULL,NULL,NULL,NULL,NULL,NULL,NULL);

/*!40000 ALTER TABLE `checkout` ENABLE KEYS */;
UNLOCK TABLES;


# Dump of table checkout_currencies
# ------------------------------------------------------------

DROP TABLE IF EXISTS `checkout_currencies`;

CREATE TABLE `checkout_currencies` (
  `id` int(11) unsigned NOT NULL AUTO_INCREMENT,
  `checkout_id` int(11) DEFAULT NULL,
  `market_currency_id` int(11) DEFAULT NULL,
  `currency_value` varchar(300) DEFAULT NULL,
  PRIMARY KEY (`id`)
) ENGINE=InnoDB DEFAULT CHARSET=utf8;

LOCK TABLES `checkout_currencies` WRITE;
/*!40000 ALTER TABLE `checkout_currencies` DISABLE KEYS */;

INSERT INTO `checkout_currencies` (`id`, `checkout_id`, `market_currency_id`, `currency_value`)
VALUES
	(1,1020,139,'Example value');

/*!40000 ALTER TABLE `checkout_currencies` ENABLE KEYS */;
UNLOCK TABLES;


# Dump of table market_currency
# ------------------------------------------------------------

DROP TABLE IF EXISTS `market_currency`;

CREATE TABLE `market_currency` (
  `id` int(11) unsigned NOT NULL AUTO_INCREMENT,
  `market_public_id` varchar(25) DEFAULT NULL,
  `market_id` varchar(4) DEFAULT NULL,
  `user_id` varchar(5) DEFAULT NULL,
  `market_currency_name` varchar(60) DEFAULT NULL,
  `notes` varchar(400) DEFAULT NULL,
  PRIMARY KEY (`id`)
) ENGINE=InnoDB DEFAULT CHARSET=utf8;

LOCK TABLES `market_currency` WRITE;
/*!40000 ALTER TABLE `market_currency` DISABLE KEYS */;

INSERT INTO `market_currency` (`id`, `market_public_id`, `market_id`, `user_id`, `market_currency_name`, `notes`)
VALUES
	(2,'5b920b9041','3','26','EBT Tokens',NULL),
	(29,'5b920b9041','3','26','ATM',NULL),
	(39,'5ba92160e8','175','29','EBT Tokens',NULL),
	(41,'5ba92160e8','175','29','MM Tokens',NULL),
	(43,'5ba92160e8','175','29','MM Vouchers',NULL),
	(45,'5ba92160e8','175','29','FMNP FVC',NULL),
	(47,'5ba92160e8','175','29','Open Door',NULL),
	(49,'5ba92160e8','175','29','Piersons',NULL),
	(54,'5ba92160e8','175','29','ncga',NULL),
	(56,'5b920b9041','3','26','ebt_total_in',NULL),
	(57,'5b920b9041','138','26','cambria',NULL),
	(58,'5ba92e0381','177','29','EBT Tokens',NULL),
	(60,'5ba92e0381','177','29','Open Door',NULL),
	(61,'5ba92e0381','177','29','FMNP FVC',NULL),
	(62,'5ba92e0381','177','29','MM Vouchers',NULL),
	(63,'5ba92e0381','177','29','MM Tokens',NULL),
	(66,'5ba92e0381','177','29','ncga',NULL),
	(67,'5ba92e0381','177','29','Piersons',NULL),
	(68,'5ba92f7051','178','29','Piersons',NULL),
	(69,'5ba92f7051','178','29','ncga',NULL),
	(70,'5ba92f7051','178','29','MM Tokens',NULL),
	(71,'5ba92f7051','178','29','MM Vouchers',NULL),
	(72,'5ba92f7051','178','29','FMNP FVC',NULL),
	(73,'5ba92f7051','178','29','Open Door',NULL),
	(75,'5ba92f7051','178','29','EBT Tokens',NULL),
	(76,'5ba92d0391','179','29','EBT Tokens',NULL),
	(78,'5ba92d0391','179','29','Open Door',NULL),
	(79,'5ba92d0391','179','29','FMNP FVC',NULL),
	(80,'5ba92d0391','179','29','MM Vouchers',NULL),
	(81,'5ba92d0391','179','29','MM Tokens',NULL),
	(82,'5ba92d0391','179','29','ncga',NULL),
	(83,'5ba92d0391','179','29','Piersons',NULL),
	(84,'5bb92d0489','180','29','Piersons',NULL),
	(85,'5bb92d0489','180','29','ncga',NULL),
	(86,'5bb92d0489','180','29','MM Tokens',NULL),
	(87,'5bb92d0489','180','29','MM Vouchers',NULL),
	(88,'5bb92d0489','180','29','FMNP FVC',NULL),
	(89,'5bb92d0489','180','29','Open Door',NULL),
	(91,'5bb92d0489','180','29','EBT Tokens',NULL),
	(93,'5b90da78s1','181','29','EBT Tokens',NULL),
	(95,'5b90da78s1','181','29','Open Door',NULL),
	(96,'5b90da78s1','181','29','FMNP FVC',NULL),
	(97,'5b90da78s1','181','29','MM Vouchers',NULL),
	(98,'5b90da78s1','181','29','MM Tokens',NULL),
	(99,'5b90da78s1','181','29','ncga',NULL),
	(100,'5b90da78s1','181','29','Piersons',NULL),
	(102,'5b70ad91l5','182','29','Piersons',NULL),
	(103,'5b70ad91l5','182','29','ncga',NULL),
	(104,'5b70ad91l5','182','29','MM Tokens',NULL),
	(105,'5b70ad91l5','182','29','MM Vouchers',NULL),
	(106,'5b70ad91l5','182','29','FMNP FVC',NULL),
	(107,'5b70ad91l5','182','29','Open Door',NULL),
	(109,'5b70ad91l5','182','29','EBT Tokens',NULL),
	(110,'5ba92160e8','175','29','comment',NULL),
	(111,'5ba92e0381','177','29','comment',NULL),
	(112,'5ba92f7051','178','29','comment',NULL),
	(113,'5ba92d0391','179','29','comment',NULL),
	(114,'5bb92d0489','180','29','comment',NULL),
	(115,'5b90da78s1','181','29','comment',NULL),
	(116,'5b70ad91l5','182','29','comment',NULL),
	(117,'5ba92160e8','175','29','comment',NULL),
	(118,'5ba92160e8','175','29','market_fee',NULL),
	(120,'5b920b9041','3','26','cambria',NULL),
	(121,'5ba92160e8','175','29','custom_fee',NULL),
	(122,'5ba92160e8','175','29','total_owed',NULL),
	(123,'5b920b9041','3','26','end_of_market_cambria',NULL),
	(124,'5b9f075407','138','26','end_of_market',NULL),
	(126,'5b9f075407','138','26','market_bucks_morro_bay',NULL),
	(129,'5b920b9041','3','26','wic_input_checkout',NULL),
	(130,'5b920b9041','3','26','fmnp',NULL),
	(131,'5b920b9041','3','26','fvc',NULL),
	(132,'5b920b9041','3','26','cambria_sales',NULL),
	(133,'5b920b9041','3','26','fmnp_end_of_market',NULL),
	(134,'5b920b9041','3','26','fvc_end_of_market',NULL),
	(135,'5b920c8301','184','32','EBT Tokens',NULL),
	(136,'5b920b9041','3','26','col_xs_8','adjust UI column in checkout'),
	(137,'5b920c8301','184','32','col_xs_8','adjust UI for column in checkout'),
	(139,'5b920c8301','184','32','ATM',''),
	(140,'5b920c8301','184','32','MM Tokens',''),
	(141,'5b920b9041','3','26','owed_percentage','shows owed column for percentage'),
	(142,'5b920c8301','184','32','owed_percentage','shows owed column for percentage'),
	(143,'5b920c8301','184','32','end_of_market',''),
	(144,'5b920c8301','184','32','end_of_market_cambria','');

/*!40000 ALTER TABLE `market_currency` ENABLE KEYS */;
UNLOCK TABLES;


# Dump of table markets
# ------------------------------------------------------------

DROP TABLE IF EXISTS `markets`;

CREATE TABLE `markets` (
  `id` int(10) NOT NULL AUTO_INCREMENT,
  `user_id` int(11) DEFAULT NULL,
  `public_id` varchar(10) DEFAULT NULL,
  `market_name` varchar(50) DEFAULT '',
  `certified` varchar(6) DEFAULT '',
  `market_address` varchar(100) DEFAULT NULL,
  `market_city` varchar(30) DEFAULT '',
  `market_day` varchar(10) DEFAULT NULL,
  `state` varchar(30) DEFAULT '',
  `phone` varchar(15) DEFAULT '',
  `manager_name` varchar(255) DEFAULT NULL,
  `start_date` date DEFAULT NULL,
  `end_date` date DEFAULT NULL,
  `flat_fee` varchar(10) DEFAULT NULL,
  `custom_fee` varchar(255) DEFAULT NULL,
  `percentage_fee` varchar(3) DEFAULT NULL,
  `notes` varchar(1000) DEFAULT NULL,
  `img_url` varchar(100) DEFAULT NULL,
  `certificate_number` varchar(255) DEFAULT NULL,
  `cdfa_app_id` varchar(255) DEFAULT NULL,
  `market_hours` varchar(255) DEFAULT NULL,
  `state_fee` varchar(20) DEFAULT NULL,
  PRIMARY KEY (`id`)
) ENGINE=InnoDB DEFAULT CHARSET=latin1;

LOCK TABLES `markets` WRITE;
/*!40000 ALTER TABLE `markets` DISABLE KEYS */;

INSERT INTO `markets` (`id`, `user_id`, `public_id`, `market_name`, `certified`, `market_address`, `market_city`, `market_day`, `state`, `phone`, `manager_name`, `start_date`, `end_date`, `flat_fee`, `custom_fee`, `percentage_fee`, `notes`, `img_url`, `certificate_number`, `cdfa_app_id`, `market_hours`, `state_fee`)
VALUES
	(3,26,'5b920b9041','Cambria','yes','highway 1','Cambria, CA','Friday','','4154650298','Jeff Nielson','2018-07-30','2018-12-31',NULL,NULL,'5','fees are $2 plus 5%','cambria.png',NULL,NULL,NULL,NULL),
	(138,26,'5b9f075407','Morro Bay Saturday','no',NULL,'Morro Bay, CA','Saturday','','4154650298','Jeff Nielson','2018-01-01','2018-12-31','2000',NULL,'5','Fees are $20 if sales are under $400, or 5% if over','morrobay.png',NULL,NULL,NULL,NULL),
	(165,25,'5b920c4195','Madonna Saturday Market','yes',NULL,'San Luis Obispo, CA','Saturday','',NULL,'Peter Jankay','2018-07-30',NULL,'500',NULL,NULL,'this is note','slocounty.png',NULL,NULL,NULL,NULL),
	(175,29,'5ba92160e8','Arcata Plaza','yes','8th an 9th St ','Arcata CA','Saturday','','(707) 441-9999','Diane','2018-01-01','2019-12-31',NULL,'yes',NULL,'','northcoast.png','','','9am - 2pm',NULL),
	(176,30,'5ba92d4971','Cabrillo Farmers Market','yes','Cabrillo College, 6500 Soquel Drive','Aptos, CA','Saturday','','831.728.5060','Catherine','2019-01-01','2019-12-31','40',NULL,NULL,NULL,'mbcfm.png',NULL,NULL,'8am - 12pm',NULL),
	(177,29,'5ba92e0381','Fortuna Farmers Market','yes','10th Street ','Fortuna, CA','Tuesday','','(707) 441-9999','Megan','2019-06-06','2019-10-31',NULL,'yes',NULL,'Custom Fess are applied here','northcoast.png',NULL,NULL,NULL,NULL),
	(178,29,'5ba92f7051','Friday Night Market','yes','240 E Street','Eureka, CA','Friday','','(707) 441-9999','Henderson','2019-06-02','2019-10-27',NULL,'yes',NULL,'Custom Fess are applied here','northcoast.png',NULL,NULL,'5 - 8pm',NULL),
	(179,29,'5ba92d0391','Henderson Center Farmers Market','yes','F St and Henderson ','Eureka, CA','Thursday','','(707) 441-9999','Diane','2019-06-01','2019-10-26',NULL,'yes',NULL,'Custom Fess are applied here','northcoast.png',NULL,NULL,'10am-1pm',NULL),
	(180,29,'5bb92d0489','McKinleyville Farmers Market','yes','1450 Broadway St','Eureka, CA','Thursday','','(707) 441-9999','Diane','2019-01-01','2019-12-31',NULL,'yes',NULL,'Custom Fess are applied here','northcoast.png',NULL,NULL,'3:30 - 6:30 pm',NULL),
	(181,29,'5b90da78s1','Old Town Farmers Market','yes','2nd and F St ','Eureka, CA','Tuesday','','(707) 441-9999','David','2019-06-06','2019-10-31',NULL,'yes',NULL,'Custom Fess are applied here','northcoast.png',NULL,NULL,'10am-1pm',NULL),
	(182,29,'5b70ad91l5','Willow Creek Farmers Market','yes','HWY 96 and HWY 299','Willow Creek, CA','Thursday','','(707) 441-9999','Diane','2019-06-01','2019-09-13',NULL,'yes',NULL,'Custom Fess are applied here','northcoast.png',NULL,NULL,'5 - 8pm',NULL),
	(183,25,'5b920c9301','Test Market 2','yes',NULL,'San Luis Obispo, CA','Saturday','',NULL,'Peter Jankay','2018-07-30',NULL,'500',NULL,NULL,'this is note','slocounty.png',NULL,NULL,NULL,NULL),
	(184,32,'5b920c8301','Demo Market','yes','Demo Market','Santa Cruz, CA','Friday','','(111) 111-1111','Cam Sluggett','2019-01-01','2019-12-30',NULL,NULL,'5','fees are $2 plus 5%','fm_generic.png',NULL,NULL,NULL,NULL);

/*!40000 ALTER TABLE `markets` ENABLE KEYS */;
UNLOCK TABLES;


# Dump of table markets_vendors
# ------------------------------------------------------------

DROP TABLE IF EXISTS `markets_vendors`;

CREATE TABLE `markets_vendors` (
  `markets_id` int(11) NOT NULL,
  `vendors_id` int(11) NOT NULL DEFAULT '0',
  PRIMARY KEY (`markets_id`,`vendors_id`),
  CONSTRAINT `markets_vendors_ibfk_1` FOREIGN KEY (`markets_id`) REFERENCES `markets` (`id`) ON DELETE CASCADE ON UPDATE CASCADE
) ENGINE=InnoDB DEFAULT CHARSET=utf8;

LOCK TABLES `markets_vendors` WRITE;
/*!40000 ALTER TABLE `markets_vendors` DISABLE KEYS */;

INSERT INTO `markets_vendors` (`markets_id`, `vendors_id`)
VALUES
	(3,72),
	(3,84),
	(3,85),
	(3,86),
	(3,87),
	(3,88),
	(3,123),
	(3,765),
	(3,766),
	(3,854),
	(3,855),
	(3,857),
	(3,858),
	(3,860),
	(3,864),
	(3,865),
	(3,872),
	(3,874),
	(3,875),
	(3,876),
	(3,877),
	(3,878),
	(3,879),
	(3,880),
	(3,881),
	(3,882),
	(3,883),
	(3,884),
	(3,885),
	(3,886),
	(3,887),
	(3,888),
	(3,889),
	(3,890),
	(3,891),
	(3,892),
	(3,893),
	(3,894),
	(3,895),
	(138,764),
	(138,857),
	(138,869),
	(138,881),
	(138,894),
	(138,895),
	(165,862),
	(165,863),
	(165,867),
	(165,868),
	(165,871),
	(175,84),
	(175,591),
	(175,592),
	(175,593),
	(175,594),
	(175,595),
	(175,596),
	(175,597),
	(175,598),
	(175,599),
	(175,600),
	(175,601),
	(175,602),
	(175,603),
	(175,604),
	(175,605),
	(175,606),
	(175,607),
	(175,608),
	(175,609),
	(175,610),
	(175,611),
	(175,612),
	(175,613),
	(175,614),
	(175,615),
	(175,616),
	(175,617),
	(175,618),
	(175,619),
	(175,620),
	(175,621),
	(175,622),
	(175,623),
	(175,624),
	(175,625),
	(175,626),
	(175,627),
	(175,628),
	(175,629),
	(175,630),
	(175,631),
	(175,632),
	(175,633),
	(175,634),
	(175,635),
	(175,636),
	(175,637),
	(175,638),
	(175,639),
	(175,640),
	(175,641),
	(175,642),
	(175,643),
	(175,644),
	(175,645),
	(175,646),
	(175,647),
	(175,648),
	(175,649),
	(175,650),
	(175,651),
	(175,652),
	(175,653),
	(175,654),
	(175,655),
	(175,656),
	(175,657),
	(175,658),
	(175,659),
	(175,660),
	(175,661),
	(175,662),
	(175,663),
	(175,664),
	(175,665),
	(175,666),
	(175,667),
	(175,668),
	(175,669),
	(175,670),
	(175,671),
	(175,672),
	(175,673),
	(175,674),
	(175,675),
	(175,676),
	(175,677),
	(175,678),
	(175,679),
	(175,680),
	(175,681),
	(175,682),
	(175,683),
	(175,684),
	(175,685),
	(175,686),
	(175,687),
	(175,688),
	(175,689),
	(175,690),
	(175,691),
	(175,692),
	(175,693),
	(175,694),
	(175,695),
	(175,696),
	(175,697),
	(175,698),
	(175,699),
	(175,700),
	(175,701),
	(175,702),
	(175,703),
	(175,704),
	(175,705),
	(175,706),
	(175,707),
	(175,708),
	(175,709),
	(175,710),
	(175,711),
	(175,712),
	(175,713),
	(175,714),
	(175,715),
	(175,716),
	(175,771),
	(175,772),
	(175,773),
	(175,775),
	(175,776),
	(175,778),
	(175,779),
	(175,780),
	(175,781),
	(175,782),
	(175,783),
	(175,784),
	(175,785),
	(175,786),
	(175,787),
	(175,788),
	(175,789),
	(175,790),
	(175,791),
	(175,792),
	(175,793),
	(175,794),
	(175,795),
	(175,796),
	(175,797),
	(175,798),
	(175,847),
	(175,848),
	(175,849),
	(175,850),
	(175,851),
	(175,852),
	(175,853),
	(175,859),
	(175,861),
	(175,873),
	(176,376),
	(176,377),
	(176,378),
	(176,379),
	(176,380),
	(176,381),
	(176,382),
	(176,383),
	(176,384),
	(176,385),
	(176,386),
	(176,387),
	(176,388),
	(176,389),
	(176,390),
	(176,391),
	(176,392),
	(176,393),
	(176,394),
	(176,395),
	(176,396),
	(176,397),
	(176,398),
	(176,399),
	(176,400),
	(176,401),
	(176,402),
	(176,403),
	(176,404),
	(176,405),
	(176,406),
	(176,407),
	(176,408),
	(176,409),
	(176,410),
	(176,411),
	(176,412),
	(176,413),
	(176,414),
	(176,415),
	(176,416),
	(176,417),
	(176,418),
	(176,419),
	(176,420),
	(176,421),
	(176,422),
	(176,423),
	(176,424),
	(176,425),
	(176,426),
	(176,427),
	(176,428),
	(176,429),
	(176,430),
	(176,431),
	(176,432),
	(176,433),
	(176,434),
	(176,435),
	(176,436),
	(176,437),
	(176,438),
	(176,439),
	(176,440),
	(176,441),
	(176,442),
	(176,443),
	(176,444),
	(176,445),
	(177,591),
	(177,592),
	(177,593),
	(177,594),
	(177,595),
	(177,596),
	(177,597),
	(177,598),
	(177,599),
	(177,600),
	(177,601),
	(177,602),
	(177,603),
	(177,604),
	(177,605),
	(177,606),
	(177,607),
	(177,608),
	(177,609),
	(177,610),
	(177,611),
	(177,612),
	(177,613),
	(177,614),
	(177,615),
	(177,616),
	(177,617),
	(177,618),
	(177,619),
	(177,620),
	(177,621),
	(177,622),
	(177,623),
	(177,624),
	(177,625),
	(177,626),
	(177,627),
	(177,628),
	(177,629),
	(177,630),
	(177,631),
	(177,632),
	(177,633),
	(177,634),
	(177,635),
	(177,636),
	(177,637),
	(177,638),
	(177,639),
	(177,640),
	(177,641),
	(177,642),
	(177,643),
	(177,644),
	(177,645),
	(177,646),
	(177,647),
	(177,648),
	(177,649),
	(177,650),
	(177,651),
	(177,652),
	(177,653),
	(177,654),
	(177,655),
	(177,656),
	(177,657),
	(177,658),
	(177,659),
	(177,660),
	(177,661),
	(177,662),
	(177,663),
	(177,664),
	(177,665),
	(177,666),
	(177,667),
	(177,668),
	(177,669),
	(177,670),
	(177,671),
	(177,672),
	(177,673),
	(177,674),
	(177,675),
	(177,676),
	(177,677),
	(177,678),
	(177,679),
	(177,680),
	(177,681),
	(177,682),
	(177,683),
	(177,684),
	(177,685),
	(177,686),
	(177,687),
	(177,688),
	(177,689),
	(177,690),
	(177,691),
	(177,692),
	(177,693),
	(177,694),
	(177,695),
	(177,696),
	(177,697),
	(177,698),
	(177,699),
	(177,700),
	(177,701),
	(177,702),
	(177,703),
	(177,704),
	(177,705),
	(177,706),
	(177,707),
	(177,708),
	(177,709),
	(177,710),
	(177,711),
	(177,712),
	(177,713),
	(177,714),
	(177,715),
	(177,716),
	(177,850),
	(177,851),
	(177,852),
	(178,591),
	(178,592),
	(178,593),
	(178,594),
	(178,595),
	(178,596),
	(178,597),
	(178,598),
	(178,599),
	(178,600),
	(178,601),
	(178,602),
	(178,603),
	(178,604),
	(178,605),
	(178,606),
	(178,607),
	(178,608),
	(178,609),
	(178,610),
	(178,611),
	(178,612),
	(178,613),
	(178,614),
	(178,615),
	(178,616),
	(178,617),
	(178,618),
	(178,619),
	(178,620),
	(178,621),
	(178,622),
	(178,623),
	(178,624),
	(178,625),
	(178,626),
	(178,627),
	(178,628),
	(178,629),
	(178,630),
	(178,631),
	(178,632),
	(178,633),
	(178,634),
	(178,635),
	(178,636),
	(178,637),
	(178,638),
	(178,639),
	(178,640),
	(178,641),
	(178,642),
	(178,643),
	(178,644),
	(178,645),
	(178,646),
	(178,647),
	(178,648),
	(178,649),
	(178,650),
	(178,651),
	(178,652),
	(178,653),
	(178,654),
	(178,655),
	(178,656),
	(178,657),
	(178,658),
	(178,659),
	(178,660),
	(178,661),
	(178,662),
	(178,663),
	(178,664),
	(178,665),
	(178,666),
	(178,667),
	(178,668),
	(178,669),
	(178,670),
	(178,671),
	(178,672),
	(178,673),
	(178,674),
	(178,675),
	(178,676),
	(178,677),
	(178,678),
	(178,679),
	(178,680),
	(178,681),
	(178,682),
	(178,683),
	(178,684),
	(178,685),
	(178,686),
	(178,687),
	(178,688),
	(178,689),
	(178,690),
	(178,691),
	(178,692),
	(178,693),
	(178,694),
	(178,695),
	(178,696),
	(178,697),
	(178,698),
	(178,699),
	(178,700),
	(178,701),
	(178,702),
	(178,703),
	(178,704),
	(178,705),
	(178,706),
	(178,707),
	(178,708),
	(178,709),
	(178,710),
	(178,711),
	(178,712),
	(178,713),
	(178,714),
	(178,715),
	(178,716),
	(178,851),
	(178,852),
	(179,850),
	(179,851),
	(179,852),
	(180,850),
	(180,851),
	(180,852),
	(181,850),
	(181,851),
	(181,852),
	(182,850),
	(182,851),
	(182,852),
	(183,867),
	(183,871),
	(183,899),
	(184,897),
	(184,900),
	(184,901),
	(184,902),
	(184,903),
	(184,904),
	(184,905),
	(184,906),
	(184,907),
	(184,908),
	(184,909),
	(184,910),
	(184,911),
	(184,912),
	(184,913);

/*!40000 ALTER TABLE `markets_vendors` ENABLE KEYS */;
UNLOCK TABLES;


# Dump of table reports
# ------------------------------------------------------------

DROP TABLE IF EXISTS `reports`;

CREATE TABLE `reports` (
  `id` int(10) NOT NULL AUTO_INCREMENT,
  `users_id` varchar(5) DEFAULT NULL,
  `name_of_certified_producer` varchar(25) DEFAULT '',
  `certificate_number` varchar(100) DEFAULT NULL,
  `dates_participated` varchar(15) DEFAULT '',
  `total` varchar(11) DEFAULT NULL,
  `issuing_county` varchar(255) DEFAULT NULL,
  `report_name` varchar(45) DEFAULT NULL,
  PRIMARY KEY (`id`)
) ENGINE=InnoDB DEFAULT CHARSET=latin1;

LOCK TABLES `reports` WRITE;
/*!40000 ALTER TABLE `reports` DISABLE KEYS */;

INSERT INTO `reports` (`id`, `users_id`, `name_of_certified_producer`, `certificate_number`, `dates_participated`, `total`, `issuing_county`, `report_name`)
VALUES
	(23,'29','Arcata Bay Llamas','11111111111','6/4','1','fresno',NULL),
	(32,'29','Arcata Bay Llamas','11111111111','5/4, 5/7, 5/9','3','Fresno',NULL),
	(33,'29','Brunner Family Farm','','5/4, 5/5, 5/6','3','',NULL),
	(34,'29','CCC Farm','','5/4, 5/6, 5/7','3','',NULL),
	(35,'29','Carlotta Flowers','','5/4, 5/5','2','',NULL),
	(36,'29','CCC Farm','11','5/4, 5/5','2','',NULL),
	(37,'29','Aurora Acres','111','5/4','1','fres',NULL),
	(38,'29','BIGFOOT Collections','1234','5/4, 5/4','2','mod',NULL),
	(39,'29','Arcata Bay Llamas','11111111111','5/4','1','Fresno',NULL),
	(40,'29','Carlotta Flowers','1111','5/4','1','123',NULL),
	(41,'29','Arcata Bay Llamas','11111111111','5/4, 5/5','2','Fresno','State Report 1'),
	(42,'29','Chris\'s Carnivores','1111','5/4, 5/5','2','oak','State Report 1'),
	(43,'29','CCC Farm','','11','1','','State Report 1'),
	(44,'29','Bayside Park Farm','','66','1','','State Report 1'),
	(45,'29','Arcata Bay Llamas','11111111111','99','1','Fresno','State Report 1'),
	(46,'29','Arcata Bay Llamas','11111111111','55','1','Fresno','State Report 1'),
	(47,'29','Bayside Park Farm','1111111111','77','1','','State Report 1'),
	(48,'29','','','555','1','','State Report 1'),
	(49,'29','','','555','1','','State Report 1'),
	(50,'29','','','11','1','5555','state report 1'),
	(51,'29','','11','5/4','1','11','State Report 1'),
	(52,'29','','111','5/4','1','mod','state report 2'),
	(53,'29','','111','55, 55','2','fre','state report 2'),
	(54,'29','','111','5/4','1','11','state report 2'),
	(55,'29','Degrees of Green','1111','5/4','1','fresno','state report 2'),
	(56,'29','Arcata Bay Llamas','11111111111','5/4','1','Fresno','state report 3'),
	(57,'30','Amen Bee Products','1111','5/4, 5/2, 5/3','3','Freson','State Report 1'),
	(58,'29','Arcata Bay Llamas','11111111111','5/4, 5/5, 5/5','3','Fresno','report'),
	(59,'29','Beck\'s Bakery','','5/4, 5/5','2','','');

/*!40000 ALTER TABLE `reports` ENABLE KEYS */;
UNLOCK TABLES;


# Dump of table users
# ------------------------------------------------------------

DROP TABLE IF EXISTS `users`;

CREATE TABLE `users` (
  `id` int(25) NOT NULL AUTO_INCREMENT,
  `password` varchar(255) CHARACTER SET utf8 NOT NULL DEFAULT '',
  `name` varchar(30) NOT NULL DEFAULT '',
  `email` varchar(30) NOT NULL DEFAULT '',
  `association` varchar(255) DEFAULT NULL,
  `city` varchar(255) DEFAULT NULL,
  `state` varchar(255) DEFAULT NULL,
  `phone` varchar(20) DEFAULT NULL,
  `is_admin` varchar(10) DEFAULT NULL,
  PRIMARY KEY (`id`)
) ENGINE=InnoDB DEFAULT CHARSET=latin1;

LOCK TABLES `users` WRITE;
/*!40000 ALTER TABLE `users` DISABLE KEYS */;

INSERT INTO `users` (`id`, `password`, `name`, `email`, `association`, `city`, `state`, `phone`, `is_admin`)
VALUES
	(25,'$2y$10$l8dc7WHruzFx9LpBVz/iouQ41V6zQKqbBmMNvZYLQeu3eqF8x2Z6W','Cameron','cam@arkitu.co','test','','',NULL,'0'),
	(26,'$2y$10$0jnTFCsEiBnihHyO0YUPQ.K/N/E.Q4KdBtysGbwIB/TZbt/9VILdu','Jeff Nielson','jeff@nielsenconsulting.com',NULL,'Cambria','CA','(415) 465-0298','0'),
	(29,'$2y$10$Dyu/jnoJhN3EdtyISwz.j.GxCqev9nOTf0EIojrUhIeHtVOfb3TJu','North Coast Growers','northcoastgrowers','North Coast Growers Association','Arcata','CA','(111) 111-1111','0'),
	(30,'$2y$10$PocX3XwYdRZb8z2FS7RrWuWQbp3FtYgtZPaACIusBAcmnBGV0QBgS','Catherine','mbaycfm1@aol.com','Monterey Bay Growers','Monterey','CA','(831) 728-5060','0'),
	(31,'$2y$10$AfZSZr2wbJAaGY8RScRMtupoGXN8lL4mbd.1qqpLmSK1Kfwv4oFby','Admin','admin',NULL,NULL,NULL,NULL,'1'),
	(32,'$2y$10$mWCEKY9ASYyZaSJqvQ02yOql5jmoBbTTPfCCIOW/VuB9s1JGBvEAu','demo','demo',NULL,NULL,NULL,NULL,NULL);

/*!40000 ALTER TABLE `users` ENABLE KEYS */;
UNLOCK TABLES;


# Dump of table vendors
# ------------------------------------------------------------

DROP TABLE IF EXISTS `vendors`;

CREATE TABLE `vendors` (
  `id` int(11) NOT NULL AUTO_INCREMENT,
  `users_id` varchar(10) DEFAULT NULL,
  `vendor_name` varchar(60) DEFAULT '',
  `business_name` varchar(50) DEFAULT '',
  `address` varchar(255) DEFAULT NULL,
  `vendor_city` varchar(15) DEFAULT '',
  `vendor_state` varchar(30) DEFAULT '',
  `vendor_phone` varchar(15) DEFAULT '',
  `vendor_email` varchar(50) DEFAULT '',
  `certificate_expiration` varchar(20) DEFAULT NULL,
  `certificate_number` varchar(20) DEFAULT NULL,
  `cpc_number` varchar(20) DEFAULT NULL,
  `cpc_number_exp` varchar(12) DEFAULT '',
  `issuing_county` varchar(255) DEFAULT NULL,
  `vendor_type` varchar(25) DEFAULT NULL,
  `products_sold` varchar(500) DEFAULT '',
  `product_location` varchar(500) DEFAULT '',
  `website` varchar(255) DEFAULT NULL,
  `facebook` varchar(255) DEFAULT NULL,
  `instagram` varchar(255) DEFAULT NULL,
  `electronic_payment` varchar(25) DEFAULT NULL,
  `organic` varchar(25) DEFAULT NULL,
  `wic_approved` varchar(60) DEFAULT NULL,
  `wic_exp` char(25) DEFAULT NULL,
  `wic_number` varchar(25) DEFAULT NULL,
  PRIMARY KEY (`id`)
) ENGINE=InnoDB DEFAULT CHARSET=latin1;

LOCK TABLES `vendors` WRITE;
/*!40000 ALTER TABLE `vendors` DISABLE KEYS */;

INSERT INTO `vendors` (`id`, `users_id`, `vendor_name`, `business_name`, `address`, `vendor_city`, `vendor_state`, `vendor_phone`, `vendor_email`, `certificate_expiration`, `certificate_number`, `cpc_number`, `cpc_number_exp`, `issuing_county`, `vendor_type`, `products_sold`, `product_location`, `website`, `facebook`, `instagram`, `electronic_payment`, `organic`, `wic_approved`, `wic_exp`, `wic_number`)
VALUES
	(376,'30','Lynne Bottazz','Amen Bee Products','525 California Avenue','San Martin','CA','408-683-2324','','','','','',NULL,'noncertified','','','','','',NULL,NULL,NULL,NULL,NULL),
	(377,'30','Mike Astone and Bettina Wromar','Astones Protea','7160 Freedom Blvd','Aptos','CA','831-662-3735','bettinawromar@icloud.com','','','','',NULL,'ancillary','','','http://www.astonesprotea.com/','','',NULL,NULL,NULL,NULL,NULL),
	(378,'30','Steve Jones and Patti Morgan','Bar-D Ranch','14721 Tumbleweed Lane','Watsonville','CA','831-206-4358','karvinn@sbcglobal.net','','','','',NULL,'ancillary','','','','','',NULL,NULL,NULL,NULL,NULL),
	(379,'30','Peter Beckmann, Beth Holland and Sharon May','Beckmanns Old World Bake','104 Bronson St., #6','Santa Cruz','CA','831-818-0201','scotadam@beckmannsbakery.com','','','','',NULL,'ancillary','','','www.beckmannsbakery.com','@beckmannsoldworldbakery','@beckmannsoldworldbakery',NULL,NULL,NULL,NULL,NULL),
	(380,'30','Steve and Marguerite Remde','Belle Farms','233 Peckham Road','Watsonville','CA','831-728-9125','info@bellefarms.com','','','','',NULL,'noncertified','','','http://www.bellefarms.com/','','',NULL,NULL,NULL,NULL,NULL),
	(381,'30','Lori Perry and Dennis Tamura','Blue Heron Farms','216 Merk Road','Watsonville','CA','831-722-8635','','','','','',NULL,'certified','','','www.blueheronfarmsorganics.com','','',NULL,NULL,NULL,NULL,NULL),
	(382,'30','Ron and Cindy Borba','Borba Farms','68 Corey Road','Watsonville','CA','831-726-3443','borbafamilyfarms@gmail.com','','','','',NULL,'certified','','','www.borba-farms.com','','',NULL,NULL,NULL,NULL,NULL),
	(383,'30','','Blossoms Farm','','Corralitos','CA','','','','','','',NULL,'certified','','','','','',NULL,NULL,NULL,NULL,NULL),
	(384,'30','Ellen Brokaw and Debbie Jackson','Brokaw Ranch Company','3430 Ojai Road','Santa Paula','CA','831-761-9086','willbrokaw@sbcglobal.net','','','','',NULL,'noncertified','','','http://www.willsavocados.com/','','',NULL,NULL,NULL,NULL,NULL),
	(385,'30','Steve Evers, Peter Shaw','Cabrillo College Horticul','6500 Soquel Dr','Aptos','CA','831-728-1344','stevers@cabrillo.edu','','','','',NULL,'noncertified','','','','','',NULL,NULL,NULL,NULL,NULL),
	(386,'30','Jon Cavanaugh','Cavanaugh Color','234 Webb Road','Watsonville','CA','831-728-1344','cavanaughcolor@gmail.com','','','','',NULL,'noncertified','','','','','',NULL,NULL,NULL,NULL,NULL),
	(387,'30','','C E Farm','','Paicines','CA','','','','','','',NULL,'certified','','','','','',NULL,NULL,NULL,NULL,NULL),
	(388,'30','Pat Umamoto','Coastal Paradise Nursery','50 Zabala Road PO Box 2384','Salinas','CA','831-901-8290','pumamoto@coastalparadisenursery.com','','','','',NULL,'noncertified','','','','','',NULL,NULL,NULL,NULL,NULL),
	(389,'30','Erin and Jeremy Lampel','Companion Bakeshop','2341 Mission Street','Santa Cruz','CA','831-252-2253','manager@companionbakeshop.com','','','','',NULL,'certified','','','http://www.companionbakeshop.com/','','',NULL,NULL,NULL,NULL,NULL),
	(390,'30','Dave Peterson','Corralitos Market & Sausa','569 Corralitos Road','Watsonville','CA','831-722-2633','cm-sc@sbcglobal.net','','','','',NULL,'ancillary','','','','','',NULL,NULL,NULL,NULL,NULL),
	(391,'30','Benny Cortez','Cortez Farms B','521 E. Cook Road','Santa Maria','CA','1-805-478-7939','','','','','',NULL,'certified','','','','','',NULL,NULL,NULL,NULL,NULL),
	(392,'30','Caleb Barron','Fogline Farm','165 Dimeo Lane','Santa Cruz','CA','831-212-2411','caleb@foglinefarm.com','','','','',NULL,'certified','','','http://www.foglinefarm.com/','foglinefarm','',NULL,NULL,NULL,NULL,NULL),
	(393,'30','Phil and Katherine Foste','Phil Foster Ranch (Pinnac','P.O. Box 249','Hollister','CA','831-623-9422','pfoster@pinnacleorganic.com','','','','',NULL,'certified','','','http://www.pinnacleorganic.com/','','',NULL,NULL,NULL,NULL,NULL),
	(394,'30','Nancy and Robin Gammons','Four Sisters Farm','1431 Cole Road','Aromas','CA','831-234-5163','familyfarm@gmail.com','','','','',NULL,'certified','','','','gammonsnancy','',NULL,NULL,NULL,NULL,NULL),
	(395,'30','Kay Gatanaga','Gatanaga Nursery Inc.','22790 Fuji Lane','Salinas','CA','831-422-4474','','','','','',NULL,'noncertified','','','','','',NULL,NULL,NULL,NULL,NULL),
	(396,'30','','Globe Produce','','Castroville','CA','','','','','','',NULL,'noncertified','','','','','',NULL,NULL,NULL,NULL,NULL),
	(397,'30','','Green Planet Organics','','Soquel','CA','','','','','','',NULL,'certified','','','','','',NULL,NULL,NULL,NULL,NULL),
	(398,'30','Jordan and Todd Champagne','Happy Girl Kitchen','173 Central Avenue','Pacific Grove','CA','831-750-9579','todd@happygirlkitchen.com','','','','',NULL,'ancillary','','','http://www.happygirlkitchen.com/','https://www.facebook.com/happygirlkitchen','https://www.instagram.com/happygirlkitchen/',NULL,NULL,NULL,NULL,NULL),
	(399,'30','Hans Haveman','H & H Fresh Fish Company','493 Lake Avenue, Suite A','Santa Cruz','CA','831-462-3474','info@hhfreshfish.com','','','','',NULL,'ancillary','','','http://www.hhfreshfish.com/','hhfreshfishco','hhfreshfish',NULL,NULL,NULL,NULL,NULL),
	(400,'30','Bill and Debbie Jurevich','Jurevich Farm','2017 Bolsa Road','Hollister','CA','831-245-8336','jurevichfarm@gmail.com','','','','',NULL,'noncertified','','','','','',NULL,NULL,NULL,NULL,NULL),
	(401,'30','Steven and Lisa Kashiwase','Kashiwase Farms','9681 West Lane','Sanger','CA','209-394-2246','skash956@gmail.com','','','','',NULL,'certified','','','','https://www.facebook.com/kashiwasefarms','',NULL,NULL,NULL,NULL,NULL),
	(402,'30','Kou Moua and Tra Her','K T Farms','818 S. Linda Lane','Fresno','CA','559-349-4306','koumoua2@gmail.com','','','','',NULL,'noncertified','','','','','',NULL,NULL,NULL,NULL,NULL),
	(403,'30','','L & J Farms','','Gonzales','CA','','','','','','',NULL,'certified','','','','','',NULL,NULL,NULL,NULL,NULL),
	(404,'30','Rudy and Maria Figueroa','La Marea of the Sea','109 Sycamore Drive, Unit 708','Santa Cruz','CA','831-331-3432','rmfigueroa.figueroa2@gmail.com','','','','',NULL,'ancillary','','','','','',NULL,NULL,NULL,NULL,NULL),
	(405,'30','Gilberto and Griselda Nunez','Lilys Roasted Corn','PO Box 406','Watsonville','CA','831-246-4948','C10CLEO@aol.com','','','','',NULL,'ancillary','','','','','',NULL,NULL,NULL,NULL,NULL),
	(406,'30','Annaliese Keller','Malabar Trading Company','','Santa Cruz','CA','831-239-2045','annaliese@malabartradingco.com','','','','',NULL,'ancillary','','','http://www.malabartradingco.com/','https://www.facebook.com/malabartradingcompany','https://www.instagram.com/malabartradingcompany/',NULL,NULL,NULL,NULL,NULL),
	(407,'30','Jutta Thoerner','Manzanita Manor Organics','5555 Fair Oaks Court','Paso Robles','CA','(805) 674-4505','jtmmorganics@gmail.com','','','','',NULL,'certified','','','http://www.mmorganics.com/','https://www.montereybayfarmers.org/markets/aptos-farmers-market/aptos-vendors/_wp_link_placeholder','',NULL,NULL,NULL,NULL,NULL),
	(408,'30','Laurie and Andy McCahon','McCahon Floral','1400 San Juan Road','Salinas','CA','831-724-5600','amccahon@aol.com','','','','',NULL,'noncertified','','','http://www.mccahonfloral.com/','','',NULL,NULL,NULL,NULL,NULL),
	(409,'30','','McLellan Botanicals','2352 San Juan Road','Aromas','CA','831-726-1797','aalfaro@taisucoamerica.com','','','','',NULL,'noncertified','','','http://www.taisucoamerica.com/','','',NULL,NULL,NULL,NULL,NULL),
	(410,'30','Fred and Joann Minazzoli','Minazzoli Farms','5051 North Boggiano Road','Stockton','CA','(209) 931-3662','fminazzoli@gmail.com','','18-054','18-054','',NULL,'noncertified','','','http://www.minazzolifarms.com/','','',NULL,NULL,NULL,NULL,NULL),
	(411,'30','Judy Low, Joe Curry','Molino Creek','','Davenport','CA','831-818-2137','','','','','',NULL,'certified','','','','','',NULL,NULL,NULL,NULL,NULL),
	(412,'30','Darlene and Michael Mora','Mora Family Farms','185 Travers Lane','Watsonville','CA','831-761-2130','darlenemora831@gmail.com','','','','',NULL,'certified','','','','','',NULL,NULL,NULL,NULL,NULL),
	(413,'30','Edwin and Pearl Munak','Munak Ranch','3770 N. River Road','Paso Robles','CA','805-238-7056','','','','','',NULL,'noncertified','','','','','',NULL,NULL,NULL,NULL,NULL),
	(414,'30','Brian and Cione Murakami','Murakami Farms','112 Nancy Court','Watsonville','CA','831-750-5862','youngito@aol.com','','','','',NULL,'noncertified','','','','','',NULL,NULL,NULL,NULL,NULL),
	(415,'30','Ken Kimes and Sandra Ward','New Natives','PO Box 1413','Aptos','CA','831.728.4136','ken@newnatives.com','','','','',NULL,'certified','','','','https://www.facebook.com/NewNativesNurseries','',NULL,NULL,NULL,NULL,NULL),
	(416,'30','Walter and Elizabeth Nicolau','Nicolau Farms','4451 South Carpenter Road','Modesto','CA','209-538-4558','liz@nicolaufarms.com','','','','',NULL,'noncertified','','','http://www.nicolaufarms.com/','https://www.facebook.com/Nicolau-Farms-113485605398706/?fref=ts','https://www.instagram.com/nicolaufarms/',NULL,NULL,NULL,NULL,NULL),
	(417,'30','Terri and Bob Blanchard','Old Creek Ranch','12520 Santa Rita Road','Cayucos','CA','805-748-0235','oldcreekranch@gmail.com','','','','',NULL,'certified','','','http://www.oldcreekranch.net/','','',NULL,NULL,NULL,NULL,NULL),
	(418,'30','Paul and Kim Tao','P&K Farms','196 San Andreas Road','Castroville','CA','831-728-5002','pandkfarms1994@gmail.com','','','','',NULL,'certified','','','','','',NULL,NULL,NULL,NULL,NULL),
	(419,'30','Daniel Porter','Pacific Rare Plant Nurser','951 Green Valley Road','Watsonville','CA','831-722-3982','pacificrare@calcentral.com','','18-022','18-022','',NULL,'ancillary','','','','','',NULL,NULL,NULL,NULL,NULL),
	(420,'30','James Kachler','Parrot Ranch Pottery','21975 Parrot Ranch Road','Carmel Valley','CA','831-659-0679','jameskachler@sbcglobal.net','','','','',NULL,'ancillary','','','http://www.parrotranchpottery.com/','','',NULL,NULL,NULL,NULL,NULL),
	(421,'30','Evette Lecce','Pensi Pasta Company','455 Reservation Rd.','Marina','CA','831-883-9631','Pensipasta@aol.com','','','','',NULL,'ancillary','','','','','',NULL,NULL,NULL,NULL,NULL),
	(422,'30','Geri Prevedelli-Lathrop and Sam Lathrop','Prevedelli Farm','375 Pioneer View Road','Watsonville','CA','831-724-9282','prev123@charter.net','','','','',NULL,'certified','','','http://www.prevedelli.com/','https://www.facebook.com/pages/Prevedelli-Farms/238689335504','',NULL,NULL,NULL,NULL,NULL),
	(423,'30','','Puildo Farms','1281 Spring Grove Road','Hollister','CA','','','','','','',NULL,'noncertified','','','','','',NULL,NULL,NULL,NULL,NULL),
	(424,'30','Robert Todd','Rancho Padre Farm','1789 E. Firebaugh Avenue','Exeter','CA','559-300-5204','ranchopadre@verizon.net','','','','',NULL,'certified','','','','','',NULL,NULL,NULL,NULL,NULL),
	(425,'30','','Rodoni Farms','','Davenport','CA','','','','','','',NULL,'certified','','','','','',NULL,NULL,NULL,NULL,NULL),
	(426,'30','Jeff Larkey','Route 1 Farms','849 Almar Avenue, Ste C #128','Santa Cruz','CA','831-426-1075','Route1farms@cruzio.com','','','','',NULL,'certified','','','www.route1farms.com','Route1Farms','route1farms',NULL,NULL,NULL,NULL,NULL),
	(427,'30','','Santa Rosa Flowers','','Watsonville','CA','','','','','','',NULL,'noncertified','','','','','',NULL,NULL,NULL,NULL,NULL),
	(428,'30','Ronald W. and Annette Schletewitz','Schletewitz Family Farms','2471 Sequoia Avenue','Sanger','CA','559-647-7288','ekisbye@gmail.com','','','','',NULL,'noncertified','','','SchletewitzFamilyFarms','','',NULL,NULL,NULL,NULL,NULL),
	(429,'30','Ty, Seth and Beau Schoch','Schoch Family Farmstead','10995 Assisi Way','Salinas','CA','831-596-8828','schochfamilyfarm@gmail.com','','','','',NULL,'ancillary','','','http://www.schochfamilyfarm.com/','','',NULL,NULL,NULL,NULL,NULL),
	(430,'30','','Silvas Apple Orchards','','Watsonville','CA','','','','','','',NULL,'certified','','','','','',NULL,NULL,NULL,NULL,NULL),
	(431,'30','','Stackhouse Orchards','','Hickman','CA','','','','','','',NULL,'noncertified','','','','','',NULL,NULL,NULL,NULL,NULL),
	(432,'30','','Sweet Elenas Bakery','','Sand City','CA','','','','','','',NULL,'ancillary','','','','','',NULL,NULL,NULL,NULL,NULL),
	(433,'30','','Sumanos Organic Mushroom','','San Juan Bautis','CA','','','','','','',NULL,'certified','','','','','',NULL,NULL,NULL,NULL,NULL),
	(434,'30','','T & L Coke Farm','','Aromas','CA','','','','','','',NULL,'certified','','','','','',NULL,NULL,NULL,NULL,NULL),
	(435,'30','','The Walnut Farm','','Watsonville','CA','','','','','','',NULL,'certified','','','','','',NULL,NULL,NULL,NULL,NULL),
	(436,'30','','Triple Delight Blueberrie','','Selma','CA','','','','','','',NULL,'noncertified','','','','','',NULL,NULL,NULL,NULL,NULL),
	(437,'30','','Three Americas','','Santa Cruz','CA','','','','','','',NULL,'noncertified','','','','','',NULL,NULL,NULL,NULL,NULL),
	(438,'30','','Upstarts Organic Seedling','','Santa Cruz','CA','','','','','','',NULL,'certified','','','','','',NULL,NULL,NULL,NULL,NULL),
	(439,'30','','Valencia Creek Farms','','Aptos','CA','','','','','','',NULL,'noncertified','','','','','',NULL,NULL,NULL,NULL,NULL),
	(440,'30','','Vasquez Farm','','Watsonville','CA','','','','','','',NULL,'noncertified','','','','','',NULL,NULL,NULL,NULL,NULL),
	(441,'30','','V&V Farms','','Gonzalez','CA','','','','','','',NULL,'certifed','','','','','',NULL,NULL,NULL,NULL,NULL),
	(442,'30','','Webbs Farm','','Soquel','CA','','','','','','',NULL,'noncertified','','','','','',NULL,NULL,NULL,NULL,NULL),
	(443,'30','','William R. P. Welch','','Carmel Valley','CA','','','','','','',NULL,'noncertified','','','','','',NULL,NULL,NULL,NULL,NULL),
	(444,'30','','Windmill Farms','','Santa Cruz','CA','','','','','','',NULL,'noncertified','','','','','',NULL,NULL,NULL,NULL,NULL),
	(445,'30','','Zena Foods','','Sacramento','CA','','','','','','',NULL,'noncertified','','','','','',NULL,NULL,NULL,NULL,NULL),
	(592,'29','Jayme Buckley','Bayside Park Farm','736 F Street','Arcata','CA','707-822-7091/61','baysideparkfarm@cityofarcata.org','','18-126','18-126','','','certified','organic','Arcata','www.cityofarcata.org/rec','@Bayside Park Farm','','','no','','',''),
	(593,'29','Bchio (Bee) Saechao','Bee\'s Strawberry','262 Sunnybrook Dr.','Fortuna','CA','707-572-7417/70','lilmi3nboi87@aol.com','','18-068','18-068','','','certified','','','','','','','no','Y','12/31/19','414101'),
	(594,'29','Betty Teasley','Betty\'s Country Shop','PO Box 250','Weott','CA','707-946-2465','','2019-04-19','18-037','18-037','2019-04-19','','certified','','','','','','','no','not familiar','','70340'),
	(595,'29','Bob Filbey','BIGFOOT Collections','PO Box 1025/ 324 Shamrock Ln.','Blue Lake','CA','707-668-1829/ 5','bigfoot95525@yahoo.com; bigfootcollections@yahoo.c','2019-03-19','17-002 (18-002)','17-002 (18-002)','2019-03-19','','certified','','','bigfootcollections.com','','','','no','not familiar','',''),
	(596,'29','Brenda Lindemann','Brenda\'s Family Farm','1455 J Street','Arcata','CA','707-496-5834','brendasfamilyfarm@gmail.com','2012-07-18','17-120','17-120','2012-07-18','','certified','','','','','','','','applied 6/1/18?','',''),
	(597,'29','Sarah and Matt Brunner & Emily Catherine','Brunner Family Farm','3628 Fieldbrook Rd/ PO Box 977 (public)','Fieldbrook, Blu','CA','707-845-4718','sarahjobrunner@gmail.com; ecv81@humboldt.edu','','18-093','18-093','','Arcata','certified','','','www.brunnerfamilyfarm.com','Brunner Family Farm','','Y','reg, yes','Y','12/31/18','380332'),
	(598,'29','Laura & Tulio Guarnieri','Buen Vivir Microgreens','519 Par Ave./ PO Box 280','Redway, Garberv','CA','707-382-8977/ 7','buenvivirmicrogreens@gmail.com','','18-029','18-029','','','certified','','','','','','','n','not familiar','',''),
	(599,'29','Claire Biggin','CCC Farm','4510 Chaffin Rd./PO Box 2311','McKinleyville','CA','707-633-4200','biggin2007@gmail.com','2019-07-01','18-003','18-003','2019-07-1','','certified','','','','','','','no','unfamiliar','',''),
	(600,'29','Chris Byers','Chris\'s Carnivores','8553 Fickle Hill Rd., Unit C','Arcata','CA','707-601-7155','mountainwookie.cb@gmail.com','2019-04-12','18-047','18-047','2019-04-12','','certified','','','trippyplants.com','Chris\'s Carnivores','@Chriscarnivoresplants','','no','N/A','',''),
	(601,'29','Claudia Holzinger and Von Tunstall','Claudia\'s Organic Herbs','PO Box 233/ 3195 Ishi Pishi Rd.','Orleans','CA','530-627-3712','claudiaholzinger13@gmail.com','','18-027','18-027','','','certified','','','http://www.claudiasherbs.com/','','','','Y, 17-023, update org. sy','Y','12/31/19','40520'),
	(602,'29','Silas Sarvinski','CR Shively Farm','409 Shively Flat Rd.','Scotia','CA','707-599-1338','silas-sarvinski@redwoods.edu','','18-112','18-112','','','certified','','','redwoods.edu/farm','CRagriculture','','Y','','Participating in webinar','',''),
	(603,'29','Julia & Brett McFarland','Crazy River Ranch','PO Box 101','Korbel','CA','916-751-6192/ 7','crazyriverranch@gmail.com','','17-113','17-113','','','certified','','','','Crazy River Ranch','@berriesnbasil','not yet, might','','not familiar, want to sign up for fruit','',''),
	(604,'29','Tina Glaessner and Andrea Lanctot','Crimson Sage Nursery','PO Box 83','Orleans','CA','530-627-3065','tina@crimson-sage.com','','18-065','18-065','','','certified','','','www.crimson-sage.com','/crimson-sage-nursery','@crimsonsagenursery','','Certified','no','no',''),
	(605,'29','Dawson Darling','Darlingest Lil Nursery','1736 Balboa Rd.','McKinleyville','CA','707-499-4562','dawsondarling@gmail.com','2019-10-05','18-074','18-074','2019-10-05','','certified','','','','','','Y','n','n/a','n/a','n/a'),
	(606,'29','Mike Beck','Degrees of Green','4550 Woods Ln','McKinleyville','CA','707-839-5167/ 7','unclemikefishon@gmail.com','','18-052','18-052','','','certified','','','','','','','n','N/A','',''),
	(607,'29','James Neve','Dragon Hollow Medicinals','6749 Fickle Hill Rd.','Arcata','CA','831-247-8803','jim@treesolutions.com','','18-032','18-032','','','certified','','','','','','','n','n/a','',''),
	(608,'29','Dean Gilkerson','Earth N Hands Farm','3555 Thorpe Ln','Kneeland','CA','707-599-4458','dean.enhfarm@gmail.com','2019-04-01','18-038','18-038','2019-04-01','','certified','','','','','','','N','Y','12/31/19','50670'),
	(609,'29','Ed Cohen','Earthly Edibles','PO Box 5184','Arcata','CA','707-502-5833 (t','earthlyediblescsa@gmail.com','2019-04-11','18-045','18-045','2019-04-11','','certified','','','earthly-edibles.com','','','','y, reg and cert','Y','12/31/19','120158'),
	(610,'29','Jamie & Ben Cohoon','Ewe So Dirty Farm','212 Belleview Ave/ PO Box 194','Rio Dell','CA','707-499-2150 ja','jamie@ewesodirty.com; jamie_cohoon@yahoo.com; b.co','','','','','','certified','','','www.ewesodirty.com','/ewesodirty','','Y','no','N/A','',''),
	(611,'29','Aubrey Schooley & Ben Thompson','Fair Curve Farm','PO Box 300','Loleta','CA','559-246-2246','faircurvefarm@gmail.com','2019-03-04','18-017','18-017','2019-03-04','','certified','','','faircurvefarm.com','faircurvefarn','@faircurvefarm','','no','Yes','',''),
	(612,'29','Matt Mikel','Feisty Dog Orchard','PO Box 598','Garberville','CA','223-6288','fdomikel@gmail.com','2019-10-05','18-075','18-075','2019-10-05','','certified','','','','Feisty Dog Orchard','','Y','no','Y','renewed 8/26/17','380095'),
	(613,'29','Dave, Autumn, Ray and Misha Feral','Feral Family Farm','134 Esther Ln.','Arcata','CA','707-382-6162/70','theferals@suddenlink.net','','18-113','18-113','','','certified','','','','','','','Y, Reg and Cert','?','renewed 8/26/17','50270'),
	(614,'29','Janet Winzler','Fernbridge Honey Co.','6000 McKenny Lane','Eureka','CA','707-498-2618/ H','jumpingjanny@hotmail.com','','','','','','certified','','','','','','','n/a','no','',''),
	(615,'29','Jim Polly','Fieldbrook Nursery','155 Cider Mill Rd','McKinleyville','CA','707-839-0524','n/a','2019-03-04','18-019','18-019','2019-03-04','','certified','','','','','','','no','Y','',''),
	(616,'29','Richard Lovie ','Fieldbrook Valley Apple F','336 Rock Pit Rd.','Fieldbrook','CA','707-839-4288/70','loviesgotapples@suddenlink.net','2019-12-03','18-026','18-026','0003-12-19','','certified','','','http://fieldbrookfarms.tripod.com/','Fieldbrook Apple Farm','','','no','Y','rewnewed','915101'),
	(617,'29','Alex Pepe & Ben Kaplan-Good','Fields Forever Farm','4415 Woods Ln.','McKinleyville','CA','714-313-1796 Al','alexpeps760@gmail.com; bkaplang@gmail.com','0002-05-19','18-009 (17-009)','18-009 (17-009)','0002-05-19','','certified','','','','','','','no','Y','12/31/18','380374'),
	(618,'29','Holly & Mel Kreb','Flood Plain Produce','31117 Hwy 254','Scotia','CA','707-548-5428/ 7','hollisruth@asis.com; floodplain@asis.com','','18-086','18-086','','','certified','','','','facebook.com/floodplainproduce','@floodplainproduce','Y','Y, cert and reg.','Y','',''),
	(619,'29','Andreas, Lisa & Emma Zierer','Flora Organica','PO Box 206/5015 Dows Prarie Rd','Arcata, McKinle','CA','707-839-3405, l','floraorganicafarm@gmail.com','2019-08-01','18-004','18-004','2019-08-01','','certified','','','','Flora-Organica','@floraorganicafarm','','','Y','12/31/19','8024'),
	(620,'29','Laurie Levey and Rita Jacinto','Flying Blue Dog Farm & Nu','PO Box 1486, 101 Christain School Rd.','Willow Creek','CA','530-629-1177','flyingbluedog@flyingbluedog.com','','18-030','18-030','','','certified','','','www.flyingbluedog.com','Flying-Blue-Dog-Farm-and-Nursery','','','Yes, reg and cert','Y','12/31/18','915104'),
	(621,'29','George Waller','Fog Farm','2966 Springer Dr.','Mckinleyville','CA','839-3436','wallergm@sitestar.net','','18-016','18-016','','','certified','','','','','','','no','','',''),
	(622,'29','Steven and Julia Roper','Forest Lakes Nursery','2300 Hillcrest Ave.','Fortuna','CA','726-9371/ 707-8','forestlakesnursery@att.net','','18-057','18-057','','','certified','','','www.forestlakesnursery.com','Forest-Lakes-Nursery','','','','not familiar','',''),
	(623,'29','Tammy Southard','Freshwater Gardens','450 Redmond Rd./ 5851 Myrtle Ave.','Eureka','CA','707-407-7123','freshwatergardens@yahoo.com','','18-098','18-098','','','certified','','','','farminglocal','','','N','not familiar','gave app 7/1/17',''),
	(624,'29','Maria and Tom Krenek','Glenmar Heather Nursery','PO Box 479/7430 Myrtle Ave','Bayside, Eureka','CA','707-268-5560','glenmarheather@yahoo.com','','18-028','18-028','','','certified','','','','','','','No','no','no',''),
	(625,'29','Robert Ducate','Gopher Gardens','1469 Walker Pt Rd','Bayside','CA','707-502-1663','bdredsmile@gmail.com','','18-124','18-124','','','certified','','','','','','','','not familiar','-','-'),
	(626,'29','Tyler Trekell','Goosefoot Farm','3312 E Street','Eureka',NULL,'','farm.goosefoot@gmail.com','','18-108','18-108','','','certified','',NULL,'','','','','Y','Y','','380506'),
	(627,'29','Grady Walker','Green Fire Farm','PO Box 608','Hoopa','CA','707-502-0045','greenfireorganics@gmail.com; greenfirewinery@gmail','','18-077','18-077','','','certified','','','','','','','Y, reg and cert','','12/31/17','70510'),
	(628,'29','Graham Gagne','Green Spiral Farm','PO Box 2994','McKinleyville','CA','707-498-5526','gmanngagne@gmail.com','','18-085','18-085','','','certified','','','','','@greenspiralfarm','','Yes, REg','applied and trained 5/31/18','',''),
	(629,'29','River Walker and Jessica Brown','Happy Hearts Farm','PO Box 74/ 842 Chambers Rd.','Petrolia','CA','707-496-8596/ 7','happyheartsfarming@gmail.com','2019-08-07','18-104','18-104','2019-08-07','','certified','','','','happy hearts farm','@happyheartsfarm','','not reg','Y','12/31/18','380345'),
	(630,'29','Ty Johnson and Hilary Schwartz','Hillbelly Farm','PO Box 248','Scotia','CA','707-764-3670','hillbelly@live.com','0000-00-00','18-087','18-087','','','certified','','','','','','','Certified & Registered','no','no','no'),
	(631,'29','Laurence and Lisa Hindley','Hindley Ranch','320 Schirman Way','Fortuna','CA','707-725-9266/70','lhindley@yahoo.com','2019-07-11','18-106','18-106','2019-07-11','','certified','','','www.hindleyranch.com','Hindley-Ranch-177026192490002','','','registered','n/a','',''),
	(632,'29','Ron and Shelly Honig','Honey Apple Farms','11251 West End Rd.','Arcata','CA','707-822-6186','honeyapplefarms@gmail.com; ronald.honig@gmail.com','2019-03-07','18-023','18-023','2019-03-07','','certified','','','','','','Y','registered','Y','12/31/16, gave new app 3/','101703'),
	(633,'29','Paul and Heidi Leslie','Humboldt Honey Wine','1480 Riverbar Road','Fortuna','CA','707 599 7973','humboldthoneywine@yahoo.com','','18-006','18-006','','','certified','','','humboldthoneywine.com','www.facebook.com/humboldthoneywine','','Y','No','no','no','no'),
	(634,'29','Ino and Lauren Riley','I and I Farm','2335 1/2 Hooven Rd.','McKinleyville','CA','707-840-0336/60','lauren_ballard@yahoo.com; iasthai@att.net; ino707r','0004-03-19','18-040','18-040','','','certified','','','','I&I Farm','iasthaiherbs','','No','Y','12/31/19','930102'),
	(635,'29','Karina Gilkerson','Jacob\'s Greens','PO Box 1273','Blue Lake','','707-845-0293','arugula22@gmail.com','2019-04-19','18-043','18-043','2019-04-19','','certified','','','','','','','No','Y','renewed 1/20/18','111804'),
	(636,'29','Ginny Ryder','Jacoby Creek Flowers','1930 Bird Ave','McKinleyville','CA','707-496-4312 ce','jacobycreekflowers@gmail.com; ginnyryder18@gmail.c','','18-107','18-107','','','certified','','','under development','/jacobycreekflowers','@ginsflowers','','No','no','no','no'),
	(637,'29','Marsha and John Maxwell','Jameson Creek Nursery','3901 Rohnerville Rd','Fortuna','CA','707-725-5084/ 6','jamesoncreek@att.net; jamesoncreeknursery@gmail.co','2019-04-03','18-018','18-018','2019-04-03','','certified','','','','','','','No','no','no',''),
	(638,'29','Leslie G. and Doug McMurray','Jameson Creek Ranch','400 Dick Smith Rd.','Fortuna','CA','707-725-8616, 5','lcmcmurray@mcmurray-law.com','','18-013','18-013','','','ancillary','','','www.jamesoncreekranch.com','/jamesoncreekranch','','','no','Y','12/31/19','380390'),
	(639,'29','\"Paco\" Francisco Diaz Reche','La Huerta Del Perro Produ','HC 11 PO Box 715/ 1473 Red Cap Road','Somes Bar, Orle','CA','707-296-5536','flotaryvolar@hotmail.com','','17-111','17-111','','','certified','','','','','','','','yes','12/31/17','380231'),
	(640,'29','Leonard J. Melendez','Leo\'s Plants','1521 Railroad Dr.','McKinleyville','CA','839-0622/ 707-2','melendezno7@att.net','','18-033','18-033','','','certified','','','','Leo\'s Plants','','','no','n/a','',''),
	(641,'29','John Severn','Little River Farm','140 Ole Hanson Rd','Eureka','CA','707-441-9286/ 4','littleriverfarm@sbcglobal.net','','18-015','18-015','','','certified','','','','yes','','','Reg & cert.','Y','12/31/18','40510'),
	(642,'29','Fred & Amy Diekmeyer','Luna Farm','PO Box 184','Willow Creek','','530-355-4191/ 7','farmfred@gmail.com; amypfarm@gmail.com','2019-05-19','18-073','18-073','2019-05-19','','certified','','','','Luna Farm','@lunafarm','','no','y','12/31/17','811912'),
	(643,'29','Kashi Albertsen','Luscious Gardens','766 Wolf Road','McKinleyville','CA','707-834-2698','lusciousgardens@gmail.com','2019-05-02','18-071','18-071','2019-05-02','','certified','','','','Luscious Gardens','','','no','n/a','',''),
	(644,'29','Loren McIntosh','McIntosh Farm','PO Box 296','Willow Creek','CA','530-629-4145/ 5','vistarose@netzero.net','2019-04-12','18-046','18-046','2019-04-12','','certified','','','','','','','','Y','12/31/19','50470'),
	(645,'29','Toni & Kurt Stoffel','Moonshadow Farm','PO Box 488/ 185 Cathey Ranch Rd.','Miranda','CA','707-943-3025','toniandkurtstoffel@gmail.com','','18-066','18-066','','','certified','','','','','','','no','Y?','',''),
	(646,'29','Robert & Naomi Landry','Mountain Mix','2002 Doreen Drive/PO Box 21','Honeydew','CA','707-986-7634','mountainmixfertilizer@gmail.com','2019-01-02','18-001','18-001','2019-01-02','','certified','','','www.mountainmixfertilizer@gmail.com','','@mountainmixfertilizer','','no','not familiar','',''),
	(647,'29','Michael Egan','Mycality Mushroom','2577 Fickle Hill Rd','Arcata','CA','707-834-6396','mycality77@yahoo.com','','18-036','18-036','','','certified','','','mycalitymushrooms.com','','@Mycality Mushrooms','','N','gave app 3/25/17','',''),
	(648,'29','Jacques & Amy Neukom','Neukom Family Farms','PO Box 312','Willow Creek','CA','530-629-1909/ 7','spinningweb@hotmail.com','2019-12-06','18-092','18-092','2019-12-06','','certified','','','','','','','certified & registered','Y','12/31/19','50330'),
	(649,'29','Jill VanderLinden','New Moon Organics','125 Shively Flat Rd.','Shively','CA','707-722-4439/ 5','newmoonorganics@gmail.com','2019-08-01','18-115','18-115','2019-08-01','','certified','','','newmoonorganics.org','','','','yes cert and reg','Y','12/31/18','380363'),
	(650,'29','David Wilbur','Noble Berry Farm','PO Box 1134/3563 Fieldbrook Rd.','Blue Lake,  McK','CA','707-834-6299/ 7','nobleberry@icloud.com','','18-084','18-084','','','certified','','','','Noble-Berry-Farm-139037490137803','','','','Y','trained 7/12.18',''),
	(652,'29','John Gary and Heather Plaza','Organic Matters Ranch','6743 Myrtle Ave','Eureka','CA','707-407-3276; 7','info@organicmattersranch.com','','18-097','18-097','','','certified','','','www.organicmattersranch.com','Organic-Matters-Ranch','@organicmattersranch','Y','Y, Reg and Cert','Y','renewed 4/6/18','50660'),
	(653,'29','Catherine Peterson','The Oyster Lady','238 Lois Lane/ PO Box 183','Trinidad','CA','707-677-2043/ 7','micatjoy@aol.com','','','','','','ancillary','','','','','','','no','N/A','',''),
	(654,'29','Pam E. Van Fleet','Pam E Van Fleet','2900 Kenwood Dr.','Fortuna','CA','845-9004','tannervanfleet1@suddenlink.net','','18-014','18-014','','','certified','','','','','','','','no','n/a',''),
	(655,'29','Elizabeth Dunlap','Paradise Flat Farm','78 Shively Flat Road','Scotia','CA','707-599-2555','farmerbethie@yahoo.com','','17-089','17-089','','','certified','','','','','','','','Y','gave new app 7/8/17',''),
	(656,'29','Paul Lohse','Paul Lohse','PO Box 429','Arcata','CA','707-668-5432/50','','2019-08-02','18-010','18-010','2019-08-02','','certified','','','','','','','certified organic, yes','Y','12/31/17','8038'),
	(657,'29','Marguerite and Patrick Pierce','Pierce Family Farm','PO Box 93/ 3,000 Red Cap Road','Orleans','CA','530-627-3320/ 8','piercefarm@toast.net','2019-04-12','18-048','18-048','2019-04-12','','certified','','','','','','','Y','Y','12/31/19','50780'),
	(658,'29','Marcellene Norton','Quail Run Farm','PO Box 545','Hoopa','Ca','530-351-3246/ 5','marcellenenorton@yahoo.com','','18-102','18-102','','','certified','','','','Marcellene Norton','','','No','applied 8/2/18','',''),
	(659,'29','Kelsey & Benjamin Perone','Rain Frog Farm','PO Box 684','Blue Lake','CA','707-498-9837','rainfrogfarm@yahoo.com','2019-05-03','18-021','18-021','2019-05-03','','certified','','','','','','','yes, cert','Y','12/31/18','71240'),
	(660,'29','David Reed','Reed\'s Bees','911 Bayview St','Arcata','CA','707-826-0544','','2019-04-19','18-044','18-044','2019-04-19','','certified','','','','','','','no','no','',''),
	(661,'29','Henry and Mody Holloman','Ridgetop Garden','569 Elizabeth Dr.','Arcata','CA','707-822-4756','hnrymody20@yahoo.com','2019-03-11','18-024','18-024','2019-03-11','','certified','','','','ridge top garden','','','no','N/A','',''),
	(662,'29','Seth Rick','River Bees','156 Ewan Ave','Shively','CA','707-722-4669; 7','onemorebee@yahoo.com','2019-08-01','18-116','18-116','2019-08-01','','certified','','','talltreesbees.com','','','','not reg.','Y','renewed 8/18/18','380127'),
	(663,'29','Sheree Hugli','Rivernook','PO Box 1546; 851 E. Sultana Bay','Willow Creek, W','CA','530-629-2063/ 9','rivernook1@outlook.com; sherleeakak@outlook.com; r','','18-094','18-094','','','certified','','','','','','Y','no','says yes, but i\'m not sure','',''),
	(664,'29','Cynthia Annotto','Rock N Rose','1785 Mygina Ave','McKinleyville','CA','707-599-2005/ 8','cindyannotto@yahoo.com; lelaannotto@gmail.com; tro','','18-035','18-035','','','ancillary','','','','','','soon','no','N/A','',''),
	(665,'29','Chan Yan Saechao','Saechao Strawberries','1665 Thelma St','Fortuna','CA','707-845-3930','','','18-054','18-054','','','certified','','','','','','','No','Y','12/31/18','50310'),
	(666,'29','Gene, Ginger, Alissa, Casey & Silas Sarvinski','Sarvinski Family Farm','441 Dillon Rd','Ferndale','CA','707-786-9240/ 4','gsarvinski@gmail.com','2019-04-19','18-103','18-103','2019-04-19','','certified','','','','The Corn Crib','no','Y','Yes reg and cert','y','12/31/18','380008'),
	(667,'29','Louis Schipper','Schipper Family Farm','103B Katheys Peak Rd./ PO Box 65','Honeydew','CA','830-832-1682','louisschipper@yahoo.com; schipperhoneydewfarm@gmai','','17-121','17-121','','','certified','','','','','@SchipperFamily Farm','','No','not familiar','',''),
	(668,'29','Marilyn Kelly','Seaside Herbs Nursery','170 Garden Ln.','Bayside','CA','707-845-9353','mtoad60@gmail.com','','18-007','18-007','','','certified','','','','','','','No','No','',''),
	(669,'29','Melanie and Kevin Cunningham','Shakefork Community Farm','7914 State HWY 36','Carlotta','CA','707-498-3546/21','shakeforkcommunityfarm@gmail.com','2019-02-12','18-011','18-011','2019-02-12','','certified','','','shakeforkcommunityfarm.com','@shakeforkcommunityfarm','@shakeforkcommunityfarm.com AND @westcoastoxen','Y','No','Y','12/31/18','52508'),
	(670,'29','Spencer & Jules Hill','Small Fruits','PO Box 526','Hoopa','CA','707-499-9756','spencerhill29@outlook.com','','18-101','18-101','','','certified','','','','','','','No','Y','12/31/19','50910'),
	(671,'29','Karin Eide','Spring Hill Farmstead Goa','1721 Spring Hill Lane','Bayside','CA','707-616-1093','springhillfarmstead@gmail.com','','','','','','certified','','','','','','Y','no','no','n/a',''),
	(672,'29','Jim Stemach','Succulent This','1205 Leslie Road','Eureka','CA','707-845-3908','jim.stemach@gmail.com','','18-120','18-120','','','certified','','','','','','','no','n/a','',''),
	(673,'29','Shelley Ruhlen Ponce','Sweet Pea Gardens','1433a Freshwater Rd','Eureka','CA','707-499-3363; 7','sweetpgardens@gmail.com','2019-04-03','18-039','18-039','2019-04-03','','certified','','','','SweetPeaGardens.tea','@gardens_and_music','hopefully this year','registered','Y','12/31/17','70850'),
	(674,'29','Hannah Eisloeffel & Nicholas Pronsolino','Table Bluff Farm','101 Clough Rd.','Loleta','CA','707-890-6699','info@tableblufffarm.com; npronsolino@iliff.edu','2019-03-05','18-022','18-022','2019-03-05','','certified','','','tableblufffarm.com','facebook.com/tableblufffarm','@table_bluff_farm','Y','no','not familiar','',''),
	(675,'29','Patty Clary & Bill Verick','Tanoak Hill Farm','PO Box 1447','Hoopa','CA','530-625-5153/70','patty@tanoakhill.com','','17-100','17-100','','','certified','','','','','','','','','',''),
	(676,'29','Danielle Newman and Will Randall','Trident Lightning Farm','1202 Chester Court','Arcata','CA','707-826-0490/40','danielle@penandquilt.com','','18-099','18-099','','','certified','','','','','@TridentLightningFarms','','Registerd & Certified','yes','12/31/18','71110'),
	(677,'29','Barbara Fales','Valley Flower Vegetables','2143 Harris St.','Eureka','CA','(707-786-9827; ','valleyflower@frontiernet.net; falesbarbara@gmail.c','','18-111','18-111','','','certified','','','','valleyflowervegetables','','','no','Yes','12/31/19','929100'),
	(678,'29','Paul Giuntoli','Warren Creek Farms','1264 Warren Creek Rd.','Arcata','CA','707-822-6017','giuntolifarms@suddenlink.net','2018-07-09','17-097','17-097','2018-07-09','','certified','','','','','','','','y','renewed 7/29/17','71010'),
	(679,'29','Blake Richard','Wild Rose Farm','PO BOX 1233','Blue lake','CA','707-834-4115 Bl','blakerichard3967@gmail.com','','18-053','18-053','','','certified','','','','','','','Y','Y','12/31/16','380211'),
	(680,'29','Michael and Jennifer Peterson','Willow Creek Farms','PO Box 1392','Willow Creek','CA','530-623-7151','info@willowcreekorganicfarms.com','','18-034','18-034','','','certified','','','www.willowcreekorganicfarms.com','Willow-Creek-Farms','@Willowcreekfarms','','Y, reg and cet','Y','12/31/19','50620'),
	(681,'29','Chris Moore & Amber Ryno','Woody Ryno','1675 Woody Road','McKinleyville','CA','707 601 9547','woodyryno@gmail.com','','','','','','certified','','','www.woodyrynofarms.com','woodyrynofarms','@woodyryno','Y','no','no','N/A',''),
	(682,'29','Reah Roberts','Arise Bakery','567 Essex Lane/100 Ericson Ct., Ste. 115','','CA','707-601-1301','arisebakery@gmail.com','','18-131','18-131','','','ancillary','','','arisebakerygf.com','/arisebakery','@arise_bakery','','','','',''),
	(683,'29','Erica Davie','Bandit Food & Drink','31 S. G Street','','CA','707-367-1337','23redpoppies@gmail.com','','','','','','ancillary','','','','','','','','','',''),
	(684,'29','Rhonda Wiedenbeck','Beck\'s Bakery','100 Ericson Court, Suite 100C','','CA','840-8004 834-78','info@becksbakery.com','','','','','','ancillary','','','becksbakery.com','BecksBakeryArcata','@becksbakery','','','','',''),
	(685,'29','Sheldon Heath & Serge Scherbatskoy','Brio Breadworks','1309 11th Street, #101','','CA','707-822-0791','brio@humboldt1.com; cafe@briobaking.com','','','','','','ancillary','','','briobaking.com','/briobreakworks','@cafebrioarcata','','','','',''),
	(686,'29','Elizabeth Nester','Celebrations Tamales','PO Box 5108','','CA','707-616-4769/ 7','info@celebratetamales.com','','','','','','ancillary','','','celebratetamales.com','CelebrateTamales','','','','','',''),
	(687,'29','Rachael Patton','Food is Love, Love is Foo','864 Bayside Dr.','','CA','707-601-1145','rmpatton0@gmail.com; foodisloveloveisfood@gmail.co','','','','','','ancillary','','','foodisloveloveisfood.wordpress.com','foodislove.loveisfood','','','','','',''),
	(688,'29','Rachele McCluskey','Foodwise','1906 15th St./971 8th St.','','CA','707-834-7299; 7','rachele.mccluskey@icloud.com; foodwisekitchen@gmai','','','','','','ancillary','','','foodwisekitchen.com','foodwisehumboldt','Foodwise Kitchen','','','','',''),
	(689,'29','Alba Lopez','Fritanga Nica','115 G St, #3','','CA','707-683--0694','lucylope2003@yahoo.com','','','','','','ancillary','','','','','','','','','',''),
	(690,'29','Henry Robertson','Henry\'s Olives','4177 Excelsior Rd','','CA','499-6880/ 445-9','henrysolives@reninet.com','','','','','','ancillary','','','henrysolives.com','','','','','','',''),
	(691,'29','Ashley Smyth & Woody Venard','Hooked Kettle Corn','463 1/2 Ole Hanson Rd.','','CA','707-362-5548 As','hookedkettlecorn@gmail.com; venard9@gmail.com','','','','','','ancillary','','','','hooked kettle corn','','','','','',''),
	(692,'29','Cy Hans','Humboldt Hot Dogs','2032 18th Street/ PO Box 33','','CA','616-7299 Cy','cymountain@gmail.com','','','','','','ancillary','','','','','','','','','',''),
	(693,'29','Errol Bryan and JoAn Kerr','Jerk Kitchen','719 California St., Apt. 2','','CA','407-873-4894','usjkerr@gmail.com','','','','','','ancillary','','','','','','','','','',''),
	(694,'29','Don Howell','Kentucky Don\'s BBQ','1277 Rose Ave.','','CA','707-786-5502/70','seddogoh1@yahoo.com','','','','','','ancillary','','','','','','','','','',''),
	(695,'29','Kathy Mullen','Kneeland Glen Goats','12721 Kneeland Road','','CA','496-0459','kneelandglengoats@msn.com','','','','','','ancillary','','','kneelandglenfarmstand.com','KneelandGlenFarmstand','','','','','',''),
	(696,'29','Lacey Berns','Kodiak Catch','1620 Kristin Way','','CA','839-8009 H/ cel','laceyberns@gmail.com','','','','','','ancillary','','','www.kodiakcatch.com','','','','','','',''),
	(697,'29','Sherry & Chuck Vanderpool','The Lighthouse Grill','PO Box 902/ 355 Main St.','','CA','677-0077, 707-8','sherryvanderpool@yahoo.com; info@trinidadlighthous','','','','','','ancillary','','','www.trinidadlighthousegrill.com','The-Lighthouse','@lighthousegrilltrinidad','','','','',''),
	(698,'29','Travis May','Los Bagels','1085 I Street, Suite 101','','CA','707-822-3483 x3','travis@losbagels.com; eddie@losbagels.com','','','','','','ancillary','','','losbagels.com','Los-Bagels','@losbagels','','','','',''),
	(699,'29','Luz Angela Brightman','Las Colombianas','560 Berry Creek Ave.','','CA','707-498-2496','luzangela1106@hotmail.com','','','','','','ancillary','','','','','','','','','',''),
	(700,'29','Louise Zuleger','Louise\'s Gourmet Seasoned','138 Myrtle Court','','CA','new cell: 496-0','maipakaula@gmail.com','','','','','','ancillary','','','','louisesgourmetseasonedfinishingsalts','','','','','',''),
	(701,'29','Tiffany & Joshua VanBuskirk','Momma Gerty\'s Goat Milk S','1602 Hawkes Rd.','','CA','951-217-3992','onetooski@gmail.com','','','','','','ancillary','','','www.gertysoap.com','Momma Gerty\'s Goat Milk Soap','','','','','',''),
	(702,'29','Amanda Biasca','Monster\'s Cookies','1625 Nedra Ave.','','CA','707-496-2081','monsters_cookies@yahoo.com','','','','','','ancillary','','','','monsters_cookies','','','','','',''),
	(703,'29','Amber & Corey Mascio','Peace Pops','2370 2nd Road; 100 Ericson Ct. #175','','CA','707-499-6387','peace.pops@hotmail.com','','','','','','ancillary','','','','peacepops.mascio','@peace.pops','','','','',''),
	(704,'29','Pawel Gago','Pizza Gago','1104 Eucalyptus Rd.','','CA','707-273-8687','pizzagago@gmail.com','','','','','','ancillary','','','pizzagago.com','www.facebook.com/pizzagago','@pizzagago','','','','',''),
	(705,'29','Dorje Kirsten','Planet Teas','PO Box 5178','','CA','707-497-4300','dorje@planet-teas.com','','','','','','ancillary','','','www.planet-teas.com','planetchai','@Planet_Teas','','','','',''),
	(706,'29','Sonny Simonian','Ryan Creek Root Cellar','2731 T Street','','CA','707-616-3863','sonnysimonian@gmail.com','','','','','','ancillary','','','ryancreekrc.com','ryancreekrc','','','','','',''),
	(707,'29','Patricia (Patty) Jones','Sistah\'s Vegan','100 Ericson Ct., Ste. 160 (964 Courtyard Circle)','','CA','530-744-8721/ 8','sistahsveganrestaurant@yahoo.com; patriciajones077','','','','','','ancillary','','','sistahsvegan.com','/sistahsvegan','@sistahsvegan','','','','',''),
	(708,'29','Carolyn Osteen','Sweety Pies','725 Cedar St. #4','','CA','707382-1805','caralyn18@gmail.com','','','','','','ancillary',NULL,'','','','','','','','',''),
	(709,'29','Susie Diemer','Twisted Tree Bakery','634 Burnt Stump Ln','','CA','497-4958','sdiemer4@gmail.com','','','','','','ancillary','','','','','','','','','',''),
	(710,'29','Tanya Lynne Boehm Horlick','Vitaelixer','PO Box 343','','CA','707-223-3963','tanyalbh@gmail.com; goldengaiaherbs@gmail.com','','','','','','ancillary','','','purevitaelixer.com','vitaelixer','','','','','',''),
	(714,'29','Bekki Scotto','Bohemian Mermaid - Fortun','3930 Loop Rd.','','CA','707-633-8431','bmermaid@reninet.com','','','','','','ancillary','','','bohemian-mermaid.com','bohemianmermaid','@bohemianmermaid','','','','',''),
	(715,'29','Martha Giotes','Martha\'s Pottery - Fortun','1010 9th Street','','CA','916-261-0111','marthaspottery@gmail.com','','','','','','ancillary','','','marthaspottery.com','','','','','','',''),
	(716,'29','Roland ','Roland Ceramics','','','','415-697-7433','','','','','','','ancillary','','','','','','','','','',''),
	(823,'29','Glee Brandon','Glee\'s Baking',NULL,NULL,NULL,NULL,'everglee@yahoo.com','2019-01-10','O','0000000','2019-01-01',NULL,'ancillary','O','',NULL,NULL,NULL,NULL,NULL,NULL,NULL,NULL),
	(825,'29','Amy Pollock','Amy\'s Tie Dye',NULL,NULL,NULL,NULL,'?','','','','',NULL,'ancillary','tie dye','',NULL,NULL,NULL,NULL,NULL,NULL,NULL,NULL),
	(850,'29','David MacCuish','Tangara Chocolates','1469 Walker Point Rd.','Bayside, CA',NULL,'','david@humfarm.org','','','','',NULL,'ancillary','','','','','',NULL,NULL,'','',''),
	(851,'29','Christina Lorenzo','Chicken Adobo','PO Box 110','Miranda, CA',NULL,'','cmglorenzo@gmail.com','','','','',NULL,'ancillary','','','','','',NULL,NULL,'','',''),
	(852,'29','Bradley Stewart','Holy Mackerel','PO Box 324','Arcata, CA',NULL,'','bigbadbeerad@gmail.com','','','','',NULL,'ancillary','','','','','',NULL,NULL,'','',''),
	(854,'26','Mike and Carol Broadhurst','Dragon Springs','','Cambria CA',NULL,'1111111111','','','','','',NULL,'certified','',NULL,'dragonspringfarm.com','','','',NULL,'','',''),
	(855,'26','Karen Ng','Mount Olive','','',NULL,'','','','',NULL,NULL,NULL,'certified','',NULL,'','','','',NULL,'','',''),
	(857,'26','Lilia Fusion','Central Coast Lavender','','',NULL,'','','','','','',NULL,'ancillary','',NULL,'','','','',NULL,'','',''),
	(859,'29','Maria','Ticabruja Creations',NULL,NULL,NULL,NULL,'laura@humfarm.org','','','','',NULL,'ancillary','','',NULL,NULL,NULL,NULL,NULL,NULL,NULL,NULL),
	(860,'26','Jessica Peacock','Peacock Farms','','',NULL,'','','','',NULL,NULL,NULL,'certified','',NULL,'','','','',NULL,'','',''),
	(867,'25','cam test','cama business','','city',NULL,'','','','','','',NULL,'certified','',NULL,'','','','',NULL,'','',''),
	(872,'26','Stephanie Nye','Farmers Market Inspired Soups','','',NULL,'','','','',NULL,NULL,NULL,'ancillary','',NULL,'','','','',NULL,'','',''),
	(873,'29','L Boogie','Kookie Toots','123 Rainbow Way','Arcata',NULL,'7077330336','lauramariehughes@gmail.com','','','','',NULL,'ancillary','magic','','','','','',NULL,'n/a','',''),
	(874,'26','Jose Rodriquez','Viva Mexico','','',NULL,'','','','','','',NULL,'ancillary','',NULL,'','','','',NULL,'','',''),
	(875,'26','Bensalem Moez','Baba Foods','','',NULL,'','','','','','',NULL,'ancillary','','','','','','',NULL,'','',''),
	(876,'26','Danny Jones','Dark Nectar','','',NULL,'','','','','','',NULL,'ancillary','','','','','','',NULL,'','',''),
	(877,'26','Debbie Paver','Paver','','',NULL,'','','','',NULL,NULL,NULL,'non-certified','',NULL,'','','','',NULL,'','',''),
	(878,'26','Aaron Linn','Linn\'s BBQ','','',NULL,'','','','','','',NULL,'ancillary','','','','','','',NULL,'','',''),
	(879,'26','Olde Port Fish Market','Barbara Powers','','',NULL,'','','','','','',NULL,'ancillary','','','','','','',NULL,'','',''),
	(880,'26','The Granary','The Granary','','',NULL,'','','','',NULL,NULL,NULL,'ancillary','',NULL,'','','','',NULL,'','',''),
	(881,'26','Jennifer Golden','The Vreamery','','',NULL,'','','','','','',NULL,'ancillary','','','','','','',NULL,'','',''),
	(882,'26','Alvah Hicks','Pardner\'s Pantry','','',NULL,'','','','','','',NULL,'ancillary','','','','','','',NULL,'','',''),
	(883,'26','Ryan Davis','Vintage Cheese','','',NULL,'','','','','','',NULL,'ancillary','','','','','','',NULL,'','',''),
	(884,'26','Russel Hall','Paso Almonds','','',NULL,'','','','',NULL,NULL,NULL,'certified','',NULL,'','','','',NULL,'','',''),
	(885,'26','Julia Gomez','Julia\'s Juices','','',NULL,'','','','','','',NULL,'ancillary','','','','','','',NULL,'','',''),
	(886,'26','Ellis Bassetti','Bassetti Vineyards','','',NULL,'','','','','','',NULL,'certified','','','','','','',NULL,'','',''),
	(887,'26','Jutta Thoerner','MM Organics','','',NULL,'','','','','','',NULL,'certified','','','','','','',NULL,'','',''),
	(888,'26','Teri McCall','McCall Farms','','',NULL,'','','','','','',NULL,'certified','','','','','','',NULL,'','',''),
	(889,'26','Ben Cortez','Cortez Farms','','',NULL,'','','','','','',NULL,'certified','','','','','','',NULL,'','',''),
	(890,'26','Michael Limacher','Charan Springs Farm','','',NULL,'','','','','','',NULL,'certified','','','','','','',NULL,'','',''),
	(891,'26','Linda De la Cruz','De La Cruz Farm','','',NULL,'','','','','','',NULL,'certified','','','','','','',NULL,'','',''),
	(892,'26','Matt Hayes','Bounty of the Valley Farms','','',NULL,'','','','','','',NULL,'certified','','','','','','',NULL,'','',''),
	(893,'26','Jack Rudolph','Stepladder Ranch','','',NULL,'','','','','','',NULL,'certified','','','','','','',NULL,'','',''),
	(894,'26','Glenna Evans','Breaking Bread Bakery','','',NULL,'','','','','','',NULL,'ancillary','','','','','','',NULL,'','',''),
	(895,'26','John and Lola Balestra','Old West Kettle Korn','','',NULL,'','','','','','',NULL,'ancillary','','','','','','',NULL,'','',''),
	(897,'32','Test Vendor 1','Test Business 1',NULL,NULL,NULL,NULL,'demo@arkitu.co','2019-02-22','11-11111','11-11111','2019-02-22',NULL,'ancillary','','',NULL,NULL,NULL,NULL,NULL,NULL,NULL,NULL),
	(899,'25','uuu','','','',NULL,'','','','','','',NULL,'certified','',NULL,'','','','',NULL,'','',''),
	(900,'32','Vendor 1','Vendor\'s Business 1','Business\'s Address','Santa Cruz',NULL,'','','','','','',NULL,NULL,'','','','','','',NULL,'','',''),
	(901,'32','Demo Vendor 3','Business Demo 3','3309 Demo Way','Santa Cruz CA',NULL,'12097777777','demo@demo.com','2020-01-01','11-1111-1111',NULL,NULL,NULL,'certified','apple, fruit, ','','arkitu.co','Arkitumaps','@arkitumaps','yes',NULL,'no','2021-01-01','12345'),
	(902,'32','Demo Vendor 4','Business Demo 4','111 Demo Way','San Francisco',NULL,'20911111111','demo@demo.com','2020-01-01','11-1111-1111',NULL,NULL,NULL,'certified','apple, fruit, ',NULL,'arkitu.co','Arkitumaps','@arkitumaps','yes',NULL,'no','2021-01-01','12345'),
	(903,'32','Demo Vendor 5','Business Demo 5','333 New Address Drive','Santa Cruz',NULL,'888888888','new@new.com','2020-01-01','11-1111-1111',NULL,NULL,NULL,'certified','apple, fruit, ',NULL,'arkitu.co','Arkitumaps','@arkitumaps','yes',NULL,'no','2021-01-01','12345'),
	(904,'32','Jason Jones','Schmit\'s Jams','111 Jam Way','Santa Cruz',NULL,'888888888','new@new.com','2020-01-01','11-1111-1111',NULL,NULL,NULL,'certified','apple, fruit, ',NULL,'arkitu.co','Arkitumaps','@arkitumaps','yes',NULL,'no','2021-01-01','12345'),
	(905,'32','Nick Miller','Nick\'s Meats','123 Watson Rd','Watsonville',NULL,'','nick@miller.com','2020-01-01','11-1111-1111',NULL,NULL,NULL,'certified','apple, fruit, ',NULL,'arkitu.co','Arkitumaps','@arkitumaps','yes',NULL,'no','2021-01-01','12345'),
	(906,'32','Kyle California','The Hottest Hot Sauce','444 Wood Ln','Aptos CA',NULL,'','hotsauce@gmail.com','2020-01-01','11-1111-1111',NULL,NULL,NULL,'certified','apple, fruit, ',NULL,'arkitu.co','Arkitumaps','@arkitumaps','yes',NULL,'no','2021-01-01','12345'),
	(907,'32','Demo Vendor 6','Business Demo 6','333 New Address Drive','Antioch Ca',NULL,'888888888','new@new.com','2020-01-01','11-1111-1111',NULL,NULL,NULL,'certified','apple, fruit, ',NULL,'arkitu.co','Arkitumaps','@arkitumaps','yes',NULL,'no','2021-01-01','12345'),
	(908,'32','Carson Datson','Beet\'s Beet','1224 Beet Rd','Tracy CA',NULL,'','carson@beets.com','2020-01-01','11-1111-1111',NULL,NULL,NULL,'certified','apple, fruit, ',NULL,'arkitu.co','Arkitumaps','@arkitumaps','yes',NULL,'no','2021-01-01','12345'),
	(909,'32','Demo Vendor 7','Business Demo 7','333 New Address Drive','Santa Cruz',NULL,'888888888','demo7@demo7.com','2020-01-01','11-1111-1111',NULL,NULL,NULL,'certified','apple, fruit, ',NULL,'arkitu.co','Arkitumaps','@arkitumaps','yes',NULL,'no','2021-01-01','12345'),
	(910,'32','Demo Vendor 8','Business Demo 8','333 New Address Drive','Santa Cruz',NULL,'888888888','demo8@demo8.com','2020-01-01','11-1111-1111',NULL,NULL,NULL,'certified','apple, fruit, ',NULL,'arkitu.co','Arkitumaps','@arkitumaps','yes',NULL,'no','2021-01-01','12345'),
	(911,'32','Demo Vendor 9','Business Demo 9','333 New Address Drive','Santa Cruz',NULL,'888888888','demo9@demo9.com','2020-01-01','11-1111-1111',NULL,NULL,NULL,'certified','apple, fruit, ',NULL,'arkitu.co','Arkitumaps','@arkitumaps','yes',NULL,'no','2021-01-01','12345'),
	(912,'32','Vendor First + Last Name','Vendor\'s Business Name','111 Business Address','Berkeley, CA',NULL,'','vendor@email.com','2020-01-01','11-1111-1111',NULL,NULL,NULL,'certified','apple, fruit, ',NULL,'arkitu.co','Arkitumaps','@arkitumaps','yes',NULL,'no','2021-01-01','12345'),
	(913,'32','Sally Jenkins','Sally\'s Strawberries',NULL,NULL,NULL,NULL,'','','',NULL,NULL,NULL,'certified','','',NULL,NULL,NULL,NULL,NULL,NULL,NULL,NULL);

/*!40000 ALTER TABLE `vendors` ENABLE KEYS */;
UNLOCK TABLES;


# Dump of table week_checkout
# ------------------------------------------------------------

DROP TABLE IF EXISTS `week_checkout`;

CREATE TABLE `week_checkout` (
  `id` int(11) unsigned NOT NULL AUTO_INCREMENT,
  PRIMARY KEY (`id`)
) ENGINE=InnoDB DEFAULT CHARSET=latin1;



# Dump of table weeks
# ------------------------------------------------------------

DROP TABLE IF EXISTS `weeks`;

CREATE TABLE `weeks` (
  `id` int(11) unsigned NOT NULL AUTO_INCREMENT,
  `week_name` varchar(255) DEFAULT NULL,
  PRIMARY KEY (`id`)
) ENGINE=InnoDB DEFAULT CHARSET=utf8;

LOCK TABLES `weeks` WRITE;
/*!40000 ALTER TABLE `weeks` DISABLE KEYS */;

INSERT INTO `weeks` (`id`, `week_name`)
VALUES
	(1,'Week of 1/1'),
	(2,'Week of 1/8'),
	(3,'Week of 1/15'),
	(4,'Week of 1/22'),
	(5,'Week of 1/29'),
	(6,'Week of 2/5'),
	(7,'Week of 2/12'),
	(8,'Week of 2/19'),
	(9,'Week of 2/26'),
	(10,'Week of 3/5'),
	(11,'Week of 3/12'),
	(12,'Week of 3/19'),
	(13,'Week of 3/26'),
	(14,'Week of 4/2'),
	(15,'Week of 4/9'),
	(16,'Week of 4/16'),
	(17,'Week of 4/23'),
	(18,'Week of 4/30');

/*!40000 ALTER TABLE `weeks` ENABLE KEYS */;
UNLOCK TABLES;


# Dump of table wic
# ------------------------------------------------------------

DROP TABLE IF EXISTS `wic`;

CREATE TABLE `wic` (
  `id` int(11) unsigned NOT NULL AUTO_INCREMENT,
  `wic_number` varchar(4) DEFAULT NULL,
  `wic_amount` varchar(10) DEFAULT NULL,
  `mm_amount` varchar(4) DEFAULT NULL,
  `market_id` varchar(12) DEFAULT NULL,
  `checkout_date` varchar(20) DEFAULT NULL,
  `customer_type` varchar(10) DEFAULT NULL,
  PRIMARY KEY (`id`)
) ENGINE=InnoDB DEFAULT CHARSET=utf8;

LOCK TABLES `wic` WRITE;
/*!40000 ALTER TABLE `wic` DISABLE KEYS */;

INSERT INTO `wic` (`id`, `wic_number`, `wic_amount`, `mm_amount`, `market_id`, `checkout_date`, `customer_type`)
VALUES
	(317,'0001','1.00',NULL,'5ba92160e8','2018-12-03',NULL),
	(318,'0002','1.00',NULL,'5ba92160e8','2018-12-03',NULL),
	(319,'0002','1.00',NULL,'5ba92160e8','2018-12-03',NULL),
	(320,'','',NULL,'5ba92160e8','2018-12-10',NULL),
	(321,'111','11','111','5b920c8301','2019-03-03','new'),
	(322,'11','11','1','5b920c8301','2019-03-03','existing'),
	(323,'11','11','11','5b920c8301','2019-03-03','new'),
	(324,'11','11','11','5b920c8301','2019-03-03','existing'),
	(325,'11','11','11','5b920c8301','2019-03-03','new'),
	(326,'111','11','11','5b920c8301','2019-03-03','existing'),
	(327,'1234','10','10','5b920c8301','2019-03-03','new'),
	(331,'2345','20','20','5b920c8301','2019-03-04','new'),
	(332,'1234','10','10','5b920c8301','2019-03-04','new'),
	(333,'111','11','11','5ba92160e8','2019-03-04','new');

/*!40000 ALTER TABLE `wic` ENABLE KEYS */;
UNLOCK TABLES;



/*!40111 SET SQL_NOTES=@OLD_SQL_NOTES */;
/*!40101 SET SQL_MODE=@OLD_SQL_MODE */;
/*!40014 SET FOREIGN_KEY_CHECKS=@OLD_FOREIGN_KEY_CHECKS */;
/*!40101 SET CHARACTER_SET_CLIENT=@OLD_CHARACTER_SET_CLIENT */;
/*!40101 SET CHARACTER_SET_RESULTS=@OLD_CHARACTER_SET_RESULTS */;
/*!40101 SET COLLATION_CONNECTION=@OLD_COLLATION_CONNECTION */;
